group,slug,record,focus_keyword,current_alt,featured_image
elder,finding-purpose-in-life-after-thirty-years-of-service,instructor-article/AW05__finding-purpose-in-life-after-thirty-years-of-service.md,finding purpose in life,"A quiet, warm abstract image about finding purpose in life",finding-purpose-in-life-after-thirty-years-of-service.png
elder,how-can-a-coach-build-character-in-sports-not-just-win-games,instructor-article/AN05__how-can-a-coach-build-character-in-sports-not-just-win-games.md,build character in sports,"A quiet, warm abstract image about build character in sports",how-can-a-coach-build-character-in-sports-not-just-win-games.png
elder,how-can-faith-and-psychology-work-together,instructor-article/GK06__how-can-faith-and-psychology-work-together.md,faith and psychology,"A quiet, warm abstract image about faith and psychology",how-can-faith-and-psychology-work-together.png
elder,how-can-one-person-make-a-positive-difference,instructor-article/JF06__how-can-one-person-make-a-positive-difference.md,positive difference,"A quiet, warm abstract image about positive difference",how-can-one-person-make-a-positive-difference.png
elder,how-do-everyday-conversations-create-a-sense-of-belonging,instructor-article/GT02__how-do-everyday-conversations-create-a-sense-of-belonging.md,sense of belonging,"A quiet, warm abstract image about belonging, made for a piece on sense of belonging",how-do-everyday-conversations-create-a-sense-of-belonging.png
elder,how-do-you-ask-good-questions-in-a-conversation,instructor-article/GT03__how-do-you-ask-good-questions-in-a-conversation.md,ask good questions,"A quiet, warm abstract image about ask good questions",how-do-you-ask-good-questions-in-a-conversation.png
elder,how-do-you-keep-going-when-youve-lost-motivation,instructor-article/GK04__how-do-you-keep-going-when-youve-lost-motivation.md,lost motivation,"A quiet, warm abstract image about keeping going, made for a piece on lost motivation",how-do-you-keep-going-when-youve-lost-motivation.png
elder,how-do-you-keep-your-purpose-as-a-teacher,instructor-article/AN04__how-do-you-keep-your-purpose-as-a-teacher.md,purpose as a teacher,"A quiet, warm abstract image about purpose as a teacher",how-do-you-keep-your-purpose-as-a-teacher.png
elder,how-do-you-pause-before-you-react,instructor-article/JF04__how-do-you-pause-before-you-react.md,pause before you react,"A quiet, warm abstract image about pause before you react",how-do-you-pause-before-you-react.png
elder,how-do-you-question-assumptions-without-being-stubborn,instructor-article/JF02__how-do-you-question-assumptions-without-being-stubborn.md,question assumptions,"A quiet, warm abstract image about assumptions, made for a piece on question assumptions",how-do-you-question-assumptions-without-being-stubborn.png
elder,how-do-you-rebuild-your-identity-after-a-big-life-change,instructor-article/ER06__how-do-you-rebuild-your-identity-after-a-big-life-change.md,rebuild your identity,"A quiet, warm abstract image about rebuild your identity",how-do-you-rebuild-your-identity-after-a-big-life-change.png
elder,how-do-you-say-what-you-mean-clearly-and-concisely,instructor-article/GT04__how-do-you-say-what-you-mean-clearly-and-concisely.md,say what you mean,"A quiet, warm abstract image about say what you mean",how-do-you-say-what-you-mean-clearly-and-concisely.png
elder,how-do-you-set-boundaries-without-ruining-a-relationship,instructor-article/ER02__how-do-you-set-boundaries-without-ruining-a-relationship.md,set boundaries,"A quiet, warm abstract image about boundaries, made for a piece on set boundaries",how-do-you-set-boundaries-without-ruining-a-relationship.png
elder,how-do-you-stay-sincere-when-you-speak-in-public,instructor-article/GT06__how-do-you-stay-sincere-when-you-speak-in-public.md,speak in public,"A quiet, warm abstract image about sincerity, made for a piece on speak in public",how-do-you-stay-sincere-when-you-speak-in-public.png
elder,how-do-you-talk-to-your-teenager-as-an-equal,instructor-article/AW03__how-do-you-talk-to-your-teenager-as-an-equal.md,talk to your teenager,"A quiet, warm abstract image about talk to your teenager",how-do-you-talk-to-your-teenager-as-an-equal.png
elder,how-do-you-tell-someone-the-truth-kindly,instructor-article/ER05__how-do-you-tell-someone-the-truth-kindly.md,tell someone the truth,"A quiet, warm abstract image about tell someone the truth",how-do-you-tell-someone-the-truth-kindly.png
elder,how-do-you-think-critically-about-what-you-read-and-hear,instructor-article/JF03__how-do-you-think-critically-about-what-you-read-and-hear.md,think critically,"A quiet, warm abstract image about critical thinking, made for a piece on think critically",how-do-you-think-critically-about-what-you-read-and-hear.png
elder,is-it-too-late-to-learn-something-new-in-your-fifties,instructor-article/JF05__is-it-too-late-to-learn-something-new-in-your-fifties.md,learn something new,"A quiet, warm abstract image about learn something new",is-it-too-late-to-learn-something-new-in-your-fifties.png
elder,stop-letting-the-past-control-you,instructor-article/AW02__stop-letting-the-past-control-you.md,stop letting the past control you,"A quiet, warm abstract image about stop letting the past control you",stop-letting-the-past-control-you.png
elder,what-do-students-really-want-and-how-do-you-find-out,instructor-article/AN02__what-do-students-really-want-and-how-do-you-find-out.md,what do students really want,"A quiet, warm abstract image about what do students really want",what-do-students-really-want-and-how-do-you-find-out.png
elder,what-does-it-mean-to-listen-without-fixing,instructor-article/GK05__what-does-it-mean-to-listen-without-fixing.md,listen without fixing,"A quiet, warm abstract image about listening, made for a piece on listen without fixing",what-does-it-mean-to-listen-without-fixing.png
elder,what-does-it-mean-to-mean-what-you-say,instructor-article/GT05__what-does-it-mean-to-mean-what-you-say.md,mean what you say,"A quiet, warm abstract image about mean what you say",what-does-it-mean-to-mean-what-you-say.png
elder,what-does-it-mean-to-take-responsibility,instructor-article/AW01__what-does-it-mean-to-take-responsibility.md,what does it mean to take responsibility,"A quiet, warm abstract image about what does it mean to take responsibility",what-does-it-mean-to-take-responsibility.png
elder,what-does-leading-under-pressure-teach-you,instructor-article/AW04__what-does-leading-under-pressure-teach-you.md,leading under pressure,"A quiet, warm abstract image about leading under pressure",what-does-leading-under-pressure-teach-you.png
elder,what-is-a-saviour-complex,instructor-article/GK01__what-is-a-saviour-complex.md,saviour complex,"A quiet, warm abstract image about saviour complex",what-is-a-saviour-complex.png
elder,what-is-grief-when-no-one-has-died-and-what-does-it-look-like,instructor-article/ER03__what-is-grief-when-no-one-has-died-and-what-does-it-look-like.md,grief when no one has died,"A quiet, warm abstract image about grief when no one has died",what-is-grief-when-no-one-has-died-and-what-does-it-look-like.png
elder,what-is-jungs-shadow,instructor-article/GK02__what-is-jungs-shadow.md,jung's shadow,"A quiet, warm abstract image about the shadow, made for a piece on jung's shadow",what-is-jungs-shadow.png
elder,what-is-self-leadership,instructor-article/AW06__what-is-self-leadership.md,what is self-leadership,"A quiet, warm abstract image about what is self-leadership",what-is-self-leadership.png
elder,what-is-the-difference-between-healthy-pride-and-arrogance,instructor-article/ER01__what-is-the-difference-between-healthy-pride-and-arrogance.md,healthy pride,"A quiet, warm abstract image about healthy pride",what-is-the-difference-between-healthy-pride-and-arrogance.png
elder,what-is-the-purpose-of-a-teacher-and-why-ask-for-what-purpose,instructor-article/AN06__what-is-the-purpose-of-a-teacher-and-why-ask-for-what-purpose.md,purpose of a teacher,"A quiet, warm abstract image about purpose of a teacher",what-is-the-purpose-of-a-teacher-and-why-ask-for-what-purpose.png
elder,what-makes-a-good-teacher-beyond-the-lesson-plan,instructor-article/AN01__what-makes-a-good-teacher-beyond-the-lesson-plan.md,what makes a good teacher,"A quiet, warm abstract image about what makes a good teacher",what-makes-a-good-teacher-beyond-the-lesson-plan.png
elder,why-do-people-pleasers-abandon-themselves-and-how-do-they-stop,instructor-article/ER04__why-do-people-pleasers-abandon-themselves-and-how-do-they-stop.md,people pleasers,"A quiet, warm abstract image about people pleasing, made for a piece on people pleasers",why-do-people-pleasers-abandon-themselves-and-how-do-they-stop.png
elder,why-do-we-give-up-so-easily-halfway-through-learning-something,instructor-article/GK03__why-do-we-give-up-so-easily-halfway-through-learning-something.md,give up so easily,"A quiet, warm abstract image about give up so easily",why-do-we-give-up-so-easily-halfway-through-learning-something.png
elder,why-do-we-make-emotional-decisions-and-then-justify-them-with-logic,instructor-article/JF01__why-do-we-make-emotional-decisions-and-then-justify-them-with-logic.md,emotional decisions,"A quiet, warm abstract image about emotional decisions",why-do-we-make-emotional-decisions-and-then-justify-them-with-logic.png
elder,why-does-the-character-of-a-good-teacher-matter-more-than-method,instructor-article/AN03__why-does-the-character-of-a-good-teacher-matter-more-than-method.md,character of a good teacher,"A quiet, warm abstract image about character of a good teacher",why-does-the-character-of-a-good-teacher-matter-more-than-method.png
elder,why-is-small-talk-important,instructor-article/GT01__why-is-small-talk-important.md,small talk,"A quiet, warm abstract image about small talk",why-is-small-talk-important.png
question,being-present-in-the-moment,hub-question-article/being-present-in-the-moment.md,being present in the moment,"A person standing at an open fridge door with a phone in one hand and a puzzled look, showing being present in the moment as knowing what you came to do",being-present-in-the-moment.webp
question,benefits-of-mindfulness,hub-question-article/benefits-of-mindfulness.md,benefits of mindfulness,"A family around a dinner table in the evening, one person looking thoughtfully at their plate, for a page on the benefits of mindfulness",benefits-of-mindfulness.webp
question,best-mindfulness-books,hub-question-article/best-mindfulness-books.md,best mindfulness books,"A borrowed paperback with a bookmark still in it on a kitchen table, showing the best mindfulness books waiting to be chosen",best-mindfulness-books.webp
question,can-mindfulness-meditation-be-harmful,hub-question-article/can-mindfulness-meditation-be-harmful.md,can mindfulness meditation be harmful,"A notebook open on a kitchen table showing several pages of lists with the same heading, for anyone asking can mindfulness meditation be harmful",can-mindfulness-meditation-be-harmful.webp
question,can-self-awareness-be-learned,hub-question-article/can-self-awareness-be-learned.md,can self-awareness be learned,"A person holding a phone to one ear, looking thoughtful, illustrating the question can self-awareness be learned after a sister's remark about how they have changed",can-self-awareness-be-learned.webp
question,conditions-of-worth,hub-question-article/conditions-of-worth.md,conditions of worth,"Two friends talking at a kitchen table, one listening without judging, showing how conditions of worth can loosen when someone accepts you as you are",conditions-of-worth.webp
question,how-to-practice-mindfulness,hub-question-article/how-to-practice-mindfulness.md,how to practice mindfulness,"A person at a desk with a phone in one hand and a document on the screen behind it, showing how to practice mindfulness as looking at your own reasons",how-to-practice-mindfulness.webp
question,is-mindfulness-evidence-based,hub-question-article/is-mindfulness-evidence-based.md,is mindfulness evidence based,"A phone held above a reply box with a message half typed, for a page on the question is mindfulness evidence based",is-mindfulness-evidence-based.webp
question,is-self-criticism-good,hub-question-article/is-self-criticism-good.md,is self criticism good,"A person in a shop aisle glancing back at the counter with a thoughtful expression, for anyone asking is self criticism good",is-self-criticism-good.webp
question,lack-of-self-awareness,hub-question-article/lack-of-self-awareness.md,lack of self-awareness,"A person watching a video call on a laptop while the other faces stay quiet, showing how you can notice a lack of self-awareness in the gap between what you meant and how it landed",lack-of-self-awareness.webp
question,mindfulness-skills,hub-question-article/mindfulness-skills.md,mindfulness skills,"A person at a desk reading a reply-all email on a laptop with a hand resting beside the keyboard, showing mindfulness skills as a pause before replying",mindfulness-skills.webp
question,mindfulness-therapy,hub-question-article/mindfulness-therapy.md,mindfulness therapy,"A notebook open on a kitchen table beside a phone showing a message from a friend, for a page on mindfulness therapy and what the word covers",mindfulness-therapy.webp
question,mindfulness-without-religion,hub-question-article/mindfulness-without-religion.md,mindfulness without religion,"A person standing at a workplace noticeboard with a pen in hand beside a sign-up sheet for a community evening, showing mindfulness without religion as asking what you believe and why",mindfulness-without-religion.webp
question,what-is-mindfulness-based-stress-reduction,hub-question-article/what-is-mindfulness-based-stress-reduction.md,what is mindfulness based stress reduction,"A desk with a laptop open on a workplace email and a notebook beside it, showing what is mindfulness based stress reduction as a question to weigh up",what-is-mindfulness-based-stress-reduction.webp
question,what-is-self-understanding,hub-question-article/what-is-self-understanding.md,what is self-understanding,"A blank form on a desk with a pen resting beside a box that asks for three words, set out for the question what is self-understanding",what-is-self-understanding.webp
question,what-is-stress-management,hub-question-article/what-is-stress-management.md,what is stress management,"A stack of unopened post on a hall table beside a front door, showing what is stress management in an everyday moment",what-is-stress-management.webp
question,zen-vs-mindfulness,hub-question-article/zen-vs-mindfulness.md,zen vs mindfulness,"Two colleagues at a meeting room table before a projector warms up, one holding a notebook, showing the question behind zen vs mindfulness",zen-vs-mindfulness.webp
