book_note_slug,focus_keyword_on_install,source_book_title,source_book_author,old_address,how_matched,sc_clicks_16m,sc_impressions_16m,sc_position,sc_top_queries,keyword_versus_query
a-guide-to-rational-living,a guide to rational living book summary,A Guide to Rational Living,Albert Ellis and Robert A. Harper,no old page,no live /books/ address or S087 row carries this title and author,,,,,no old page: routes to a fresh stage 0 demand check
a-liberated-mind,a liberated mind book summary,A Liberated Mind,Steven C. Hayes,no old page,no live /books/ address or S087 row carries this title and author,,,,,no old page: routes to a fresh stage 0 demand check
a-way-of-being,a way of being book summary,A Way of Being,Carl Rogers,no old page,no live /books/ address or S087 row carries this title and author,,,,,no old page: routes to a fresh stage 0 demand check
awakenings,awakenings book summary,Awakenings,Oliver Sacks,no old page,no live /books/ address or S087 row carries this title and author,,,,,no old page: routes to a fresh stage 0 demand check
brainstorm-the-power-and-purpose-of-the-teenage-brain,brainstorm: the power and purpose of the teenage brain book summary,Brainstorm,Daniel Siegel,no old page,no live /books/ address or S087 row carries this title and author,,,,,no old page: routes to a fresh stage 0 demand check
chasing-the-scream,chasing the scream book summary,Chasing the Scream: The First and Last Days of the War on Drugs,Johann Hari,no old page,no live /books/ address or S087 row carries this title and author,,,,,no old page: routes to a fresh stage 0 demand check
coaching-with-the-brain-in-mind,coaching with the brain in mind book summary,Coaching with the Brain in Mind,David Rock,no old page,no live /books/ address or S087 row carries this title and author,,,,,no old page: routes to a fresh stage 0 demand check
coming-to-our-senses,coming to our senses book summary,Coming to Our Senses,Jon Kabat-Zinn,no old page,no live /books/ address or S087 row carries this title and author,,,,,no old page: routes to a fresh stage 0 demand check
creating-minds,creating minds book summary,"Creating Minds: An Anatomy of Creativity Seen Through the Lives of Freud, Einstein, Picasso, Stravinsky, Eliot, Graham, and Gandhi",Howard Gardner,no old page,no live /books/ address or S087 row carries this title and author,,,,,no old page: routes to a fresh stage 0 demand check
decisive,decisive book summary,Decisive,Chip Heath,no old page,no live /books/ address or S087 row carries this title and author,,,,,no old page: routes to a fresh stage 0 demand check
emotional-leonard-mlodinow,emotional leonard mlodinow book summary,Emotional,Leonard Mlodinow,no old page,no live /books/ address or S087 row carries this title and author,,,,,no old page: routes to a fresh stage 0 demand check
fierce-self-compassion,fierce self-compassion book summary,Fierce Self-Compassion,Kristin Neff,no old page,no live /books/ address or S087 row carries this title and author,,,,,no old page: routes to a fresh stage 0 demand check
finding-flow,finding flow book summary,Finding Flow,Mihaly Csikszentmihalyi,no old page,no live /books/ address or S087 row carries this title and author,,,,,no old page: routes to a fresh stage 0 demand check
free-will-sam-harris,free will sam harris book summary,Free Will,Sam Harris,no old page,no live /books/ address or S087 row carries this title and author,,,,,no old page: routes to a fresh stage 0 demand check
getting-past-no,getting past no book summary,Getting Past No,William Ury,no old page,no live /books/ address or S087 row carries this title and author,,,,,no old page: routes to a fresh stage 0 demand check
homage-to-catalonia,Homage to Catalonia George Orwell summary,Homage to Catalonia,George Orwell,no old page,no live /books/ address or S087 row carries this title and author,,,,,no old page: routes to a fresh stage 0 demand check
how-the-mighty-fall,how the mighty fall book summary,How the Mighty Fall,Jim Collins,no old page,no live /books/ address or S087 row carries this title and author,,,,,no old page: routes to a fresh stage 0 demand check
how-to-fix-a-broken-heart,how to fix a broken heart book summary,How to Fix a Broken Heart,Guy Winch,no old page,no live /books/ address or S087 row carries this title and author,,,,,no old page: routes to a fresh stage 0 demand check
how-to-know-a-person,how to know a person book summary,How to Know a Person,David Brooks,no old page,no live /books/ address or S087 row carries this title and author,,,,,no old page: routes to a fresh stage 0 demand check
humble-inquiry,humble inquiry book summary,Humble Inquiry,Edgar H. Schein,no old page,no live /books/ address or S087 row carries this title and author,,,,,no old page: routes to a fresh stage 0 demand check
internal-family-systems-therapy,internal family systems therapy book summary,Internal Family Systems Therapy,Richard C. Schwartz,no old page,no live /books/ address or S087 row carries this title and author,,,,,no old page: routes to a fresh stage 0 demand check
journey-to-the-heart,Melody Beattie Journey to the Heart book note,Journey to the Heart: Daily Meditations on the Path to Freeing Your Soul,Melody Beattie,no old page,no live /books/ address or S087 row carries this title and author,,,,,no old page: routes to a fresh stage 0 demand check
linchpin,linchpin book summary,Linchpin,Seth Godin,no old page,no live /books/ address or S087 row carries this title and author,,,,,no old page: routes to a fresh stage 0 demand check
mans-search-for-meaning,man's search for meaning book summary,Man's Search for Meaning,Viktor Frankl,no old page,no live /books/ address or S087 row carries this title and author,,,,,no old page: routes to a fresh stage 0 demand check
maps-of-meaning,maps of meaning book summary,Maps of Meaning: The Architecture of Belief,Jordan B. Peterson,no old page,no live /books/ address or S087 row carries this title and author,,,,,no old page: routes to a fresh stage 0 demand check
mental-efficiency,mental efficiency book summary,"Mental Efficiency, and Other Hints to Men and Women",Arnold Bennett,no old page,no live /books/ address or S087 row carries this title and author,,,,,no old page: routes to a fresh stage 0 demand check
money-master-the-game,money master the game book summary,Money: Master the Game,Tony Robbins,no old page,no live /books/ address or S087 row carries this title and author,,,,,no old page: routes to a fresh stage 0 demand check
nature-emerson,nature ralph waldo emerson book summary,Nature,Ralph Waldo Emerson,no old page,no live /books/ address or S087 row carries this title and author,,,,,no old page: routes to a fresh stage 0 demand check
noise,noise a flaw in human judgment book summary,Noise,Daniel Kahneman,no old page,no live /books/ address or S087 row carries this title and author,,,,,no old page: routes to a fresh stage 0 demand check
on-the-origin-of-species,on the origin of species book summary,On the Origin of Species,Charles Darwin,no old page,no live /books/ address or S087 row carries this title and author,,,,,no old page: routes to a fresh stage 0 demand check
overcoming-depression,overcoming depression book summary,Overcoming Depression,Paul Gilbert,no old page,no live /books/ address or S087 row carries this title and author,,,,,no old page: routes to a fresh stage 0 demand check
peace-power-and-plenty,peace power and plenty summary,"Peace, Power and Plenty",Orison Swett Marden,no old page,no live /books/ address or S087 row carries this title and author,,,,,no old page: routes to a fresh stage 0 demand check
radical-compassion,radical compassion book summary,Radical Compassion,Tara Brach,no old page,no live /books/ address or S087 row carries this title and author,,,,,no old page: routes to a fresh stage 0 demand check
recovering-from-emotionally-immature-parents,recovering from emotionally immature parents book summary,Recovering from Emotionally Immature Parents,Lindsay C. Gibson,no old page,no live /books/ address or S087 row carries this title and author,,,,,no old page: routes to a fresh stage 0 demand check
speak-peace-in-a-world-of-conflict,speak peace in a world of conflict book summary,Speak Peace in a World of Conflict,Marshall B. Rosenberg,no old page,no live /books/ address or S087 row carries this title and author,,,,,no old page: routes to a fresh stage 0 demand check
stillness-speaks,stillness speaks book summary,Stillness Speaks,Eckhart Tolle,no old page,no live /books/ address or S087 row carries this title and author,,,,,no old page: routes to a fresh stage 0 demand check
the-4-hour-body,the 4-hour body summary,The 4-Hour Body,Tim Ferriss,no old page,no live /books/ address or S087 row carries this title and author,,,,,no old page: routes to a fresh stage 0 demand check
the-8th-habit,the 8th habit book summary,The 8th Habit,Stephen R. Covey,no old page,no live /books/ address or S087 row carries this title and author,,,,,no old page: routes to a fresh stage 0 demand check
the-advice-trap,the advice trap book summary,The Advice Trap,Michael Bungay Stanier,no old page,no live /books/ address or S087 row carries this title and author,,,,,no old page: routes to a fresh stage 0 demand check
the-brains-way-of-healing,the brain's way of healing book summary,The Brain's Way of Healing,Norman Doidge,no old page,no live /books/ address or S087 row carries this title and author,,,,,no old page: routes to a fresh stage 0 demand check
the-bridge-across-forever,the bridge across forever,The Bridge Across Forever: A Love Story,Richard Bach,no old page,no live /books/ address or S087 row carries this title and author,,,,,no old page: routes to a fresh stage 0 demand check
the-confidence-gap,the confidence gap book summary,The Confidence Gap,Russ Harris,no old page,no live /books/ address or S087 row carries this title and author,,,,,no old page: routes to a fresh stage 0 demand check
the-dichotomy-of-leadership,the dichotomy of leadership book summary,The Dichotomy of Leadership,Jocko Willink,no old page,no live /books/ address or S087 row carries this title and author,,,,,no old page: routes to a fresh stage 0 demand check
the-diet-trap-solution,the diet trap solution book summary,The Diet Trap Solution,Judith S. Beck,no old page,no live /books/ address or S087 row carries this title and author,,,,,no old page: routes to a fresh stage 0 demand check
the-doors-of-perception,the doors of perception book summary,The Doors of Perception,Aldous Huxley,no old page,no live /books/ address or S087 row carries this title and author,,,,,no old page: routes to a fresh stage 0 demand check
the-farther-reaches-of-human-nature,the farther reaches of human nature book summary,The Farther Reaches of Human Nature,Abraham Maslow,no old page,no live /books/ address or S087 row carries this title and author,,,,,no old page: routes to a fresh stage 0 demand check
the-feeling-good-handbook,the feeling good handbook book summary,The Feeling Good Handbook,David Burns,no old page,no live /books/ address or S087 row carries this title and author,,,,,no old page: routes to a fresh stage 0 demand check
the-gap-and-the-gain,the gap and the gain summary,The Gap and the Gain,Dan Sullivan,no old page,no live /books/ address or S087 row carries this title and author,,,,,no old page: routes to a fresh stage 0 demand check
the-honest-truth-about-dishonesty,the honest truth about dishonesty book summary,The Honest Truth About Dishonesty,Dan Ariely,no old page,no live /books/ address or S087 row carries this title and author,,,,,no old page: routes to a fresh stage 0 demand check
the-life-cycle-completed,the life cycle completed erikson book summary,The Life Cycle Completed,Erik Erikson,no old page,no live /books/ address or S087 row carries this title and author,,,,,no old page: routes to a fresh stage 0 demand check
the-maine-woods,the maine woods book summary,The Maine Woods,Henry David Thoreau,no old page,no live /books/ address or S087 row carries this title and author,,,,,no old page: routes to a fresh stage 0 demand check
the-places-that-scare-you,the places that scare you book summary,The Places That Scare You,Pema Ch\\u00f6dr\\u00f6n,no old page,no live /books/ address or S087 row carries this title and author,,,,,no old page: routes to a fresh stage 0 demand check
the-power-of-truth,the power of truth william george jordan,The Power of Truth,William George Jordan,no old page,no live /books/ address or S087 row carries this title and author,,,,,no old page: routes to a fresh stage 0 demand check
the-psychology-of-self-esteem,the psychology of self-esteem book summary,The Psychology of Self-Esteem,Nathaniel Branden,no old page,no live /books/ address or S087 row carries this title and author,,,,,no old page: routes to a fresh stage 0 demand check
the-relationship-cure,the relationship cure book summary,The Relationship Cure,John Gottman,no old page,no live /books/ address or S087 row carries this title and author,,,,,no old page: routes to a fresh stage 0 demand check
the-science-of-being-well,the science of being well book summary,The Science of Being Well,Wallace D. Wattles,no old page,no live /books/ address or S087 row carries this title and author,,,,,no old page: routes to a fresh stage 0 demand check
the-upside-of-stress,the upside of stress book summary,The Upside of Stress,Kelly McGonigal,no old page,no live /books/ address or S087 row carries this title and author,,,,,no old page: routes to a fresh stage 0 demand check
thrift,thrift book summary,Thrift,Samuel Smiles,no old page,no live /books/ address or S087 row carries this title and author,,,,,no old page: routes to a fresh stage 0 demand check
time-and-free-will,time and free will book summary,Time and Free Will: An Essay on the Immediate Data of Consciousness,Henri Bergson,no old page,no live /books/ address or S087 row carries this title and author,,,,,no old page: routes to a fresh stage 0 demand check
toward-a-psychology-of-being,toward a psychology of being book summary,Toward a Psychology of Being,Abraham Maslow,no old page,no live /books/ address or S087 row carries this title and author,,,,,no old page: routes to a fresh stage 0 demand check
truth-and-repair,truth and repair book summary,Truth and Repair,Judith Herman,no old page,no live /books/ address or S087 row carries this title and author,,,,,no old page: routes to a fresh stage 0 demand check
tusculan-disputations,tusculan disputations book summary,Tusculan Disputations,Cicero,no old page,no live /books/ address or S087 row carries this title and author,,,,,no old page: routes to a fresh stage 0 demand check
what-do-you-say-after-you-say-hello,what do you say after you say hello book summary,What Do You Say After You Say Hello?,Eric Berne,no old page,no live /books/ address or S087 row carries this title and author,,,,,no old page: routes to a fresh stage 0 demand check
what-life-could-mean-to-you,what life could mean to you book summary,What Life Could Mean to You,Alfred Adler,no old page,no live /books/ address or S087 row carries this title and author,,,,,no old page: routes to a fresh stage 0 demand check
why-zebras-dont-get-ulcers,why zebras don't get ulcers book summary,Why Zebras Don't Get Ulcers,Robert Sapolsky,no old page,no live /books/ address or S087 row carries this title and author,,,,,no old page: routes to a fresh stage 0 demand check
