slice,url,clicks_16m,impressions_16m,position,coverage_state,last_crawl,google_canonical,referring_urls,live_status_today,lands_on,new_home,note
1-unknown-to-google,https://achology.com/achology-quotes/ann-patchett-15/,99,22341,3.62,URL is unknown to Google,,,,200,,,
1-unknown-to-google,https://achology.com/positive-psychology/how-alfred-adlers-ideas-could-have-reshaped-the-mental-health-industry/,57,13432,9.1,URL is unknown to Google,,,,,,,
1-unknown-to-google,https://achology.com/achology-quotes/marianne-williamson/,49,5498,11.15,URL is unknown to Google,,,,200,,,
1-unknown-to-google,https://achology.com/achology-affiliate-program/,42,4295,10.94,URL is unknown to Google,,,,,,,
1-unknown-to-google,https://achology.com/achology-quotes/sigmund-freud/,39,13045,5.09,URL is unknown to Google,,,,200,,,
1-unknown-to-google,https://achology.com/?utm_source=google&utm_medium=local&utm_campaign=1&utm_content=primary,30,6911,7.86,URL is unknown to Google,,,,,,,
1-unknown-to-google,https://achology.com/achology-kb/who-recognises-the-academy-of-modern-applied-psychology-certificates/,25,2896,6.69,URL is unknown to Google,,,,,,,
1-unknown-to-google,https://achology.com/achology-kb/how-neuro-linguistic-programming-contradicts-clinical-psychology/,22,2073,10.65,URL is unknown to Google,,,,,,,
1-unknown-to-google,https://achology.com/wisdom-for-life/the-art-of-eloquence-and-effective-communication/,21,5044,7.5,URL is unknown to Google,,,,,,,
1-unknown-to-google,https://achology.com/achology-kb/how-did-mindfulness-become-integral-within-applied-psychology/,12,2515,8.82,URL is unknown to Google,,,,,,,
1-unknown-to-google,https://achology.com/achology-quotes/denis-waitley-2/,12,320,10.95,URL is unknown to Google,,,,200,,,
1-unknown-to-google,https://achology.com/videos/a-guide-to-understanding-the-johari-window/,11,2360,11.06,URL is unknown to Google,,,,200,,,
1-unknown-to-google,https://achology.com/achology-quotes/doug-larson/,10,2593,6.89,URL is unknown to Google,,,,200,,,
1-unknown-to-google,https://achology.com/general-interest/psychology-understanding-the-blue-eyes-brown-eyes-experiment/#h-what-is-the-blue-eye-theory-methodology-and-design,9,60584,4.32,URL is unknown to Google,,,,,,,
1-unknown-to-google,https://achology.com/achology-kb/why-is-continuing-professional-development-vital-for-life-coaches/,9,6118,13.69,URL is unknown to Google,,,,,,,
1-unknown-to-google,https://achology.com/achology-quotes/soren-kierkegaard/,9,2514,6.98,URL is unknown to Google,,,,200,,,
1-unknown-to-google,https://achology.com/videos/four-levels-of-consciousness-a-guide-to-self-awareness/,9,2440,16.76,URL is unknown to Google,,,,200,,,
1-unknown-to-google,https://achology.com/achology-quotes/gerard-egan-2/,9,203,6.62,URL is unknown to Google,,,,200,,,
1-unknown-to-google,https://achology.com/achology-quotes/carl-sagan/,8,1206,6.26,URL is unknown to Google,,,,200,,,
1-unknown-to-google,https://achology.com/achology-quotes/anderson-cooper-3/,8,773,7.01,URL is unknown to Google,,,,200,,,
1-unknown-to-google,https://achology.com/achology-quotes/emily-dickinson/,7,138,9.2,URL is unknown to Google,,,,200,,,
1-unknown-to-google,https://achology.com/achology-quotes/ellen-langer/,6,638,5.89,URL is unknown to Google,,,,200,,,
1-unknown-to-google,https://achology.com/achology-kb/are-academy-of-modern-applied-psychology-courses-accredited/,6,460,9.6,URL is unknown to Google,,,,,,,
1-unknown-to-google,https://achology.com/psychology/10-ethically-dubious-experiments/#elementor-toc__heading-anchor-5,5,40874,5.75,URL is unknown to Google,,,,,,,
1-unknown-to-google,https://achology.com/books/being-and-time-by-martin-heidegger/,5,3944,13.35,URL is unknown to Google,,,,200,,,
1-unknown-to-google,https://achology.com/achology-quotes/arthur-ashe-2/,5,1427,13.81,URL is unknown to Google,,,,200,,,
1-unknown-to-google,https://achology.com/wiser-people/directory/coach/Kain/,5,995,5.05,URL is unknown to Google,,,,,,,
1-unknown-to-google,https://achology.com/achology-quotes/martin-h-fischer/,5,881,7.88,URL is unknown to Google,,,,200,,,
1-unknown-to-google,https://achology.com/general-interest/psychology-understanding-the-blue-eyes-brown-eyes-experiment/#h-blue-and-brown-eye-theory-key-findings,4,61069,4.3,URL is unknown to Google,,,,,,,
1-unknown-to-google,https://achology.com/psychology/10-ethically-dubious-experiments/#elementor-toc__heading-anchor-1,4,49982,5.73,URL is unknown to Google,,,,,,,
1-unknown-to-google,https://achology.com/achology-kb/what-is-continuing-professional-development-cpd/,4,1361,18.42,URL is unknown to Google,,,,,,,
1-unknown-to-google,https://achology.com/product/confidence-assertiveness-and-emotional-intelligence-training-course/,4,937,8.67,URL is unknown to Google,,,,,,,
1-unknown-to-google,https://achology.com/wiser-people/,4,681,11.13,URL is unknown to Google,,,,,,,
1-unknown-to-google,https://achology.com/achology-quotes/albert-ellis/,4,496,9.77,URL is unknown to Google,,,,200,,,
1-unknown-to-google,https://achology.com/achology-quotes/derek-bok/,4,355,7.07,URL is unknown to Google,,,,200,,,
1-unknown-to-google,https://achology.com/article-categories/achology-pricing-refunds-and-policies/,4,98,25.98,URL is unknown to Google,,,,,,,
1-unknown-to-google,https://achology.com/achology-kb/which-qualities-are-required-for-a-career-in-applied-psychology/,4,85,6.58,URL is unknown to Google,,,,,,,
1-unknown-to-google,https://achology.com/helping-people/gerard-egans-skilled-helper-model-using-the-3-stage-framework/#h-gerard-egan-s-skilled-helper-model,3,31541,4.19,URL is unknown to Google,,,,,,,
1-unknown-to-google,https://achology.com/psychology/10-ethically-dubious-experiments/#elementor-toc__heading-anchor-3,3,20837,5.76,URL is unknown to Google,,,,,,,
1-unknown-to-google,https://achology.com/psychology/jean-piagets-contributions-to-developmental-psychology/#h-the-pioneer-of-cognitive-development-theory,3,16588,7.34,URL is unknown to Google,,,,,,,
1-unknown-to-google,https://achology.com/psychology/martin-seligman-and-his-contributions-to-positive-psychology/#h-seligman-s-theory-of-learned-helplessness,3,10305,7.75,URL is unknown to Google,,,,,,,
1-unknown-to-google,https://achology.com/psychology/21-quotes-by-abraham-maslow/#h-maslow-s-hierarchy-of-needs,3,7013,6.53,URL is unknown to Google,,,,,,,
1-unknown-to-google,https://achology.com/achology-quotes/john-c-maxwell-3/,3,802,8.61,URL is unknown to Google,,,,200,,,
1-unknown-to-google,https://achology.com/achology-kb/what-is-the-primary-purpose-and-mission-of-achology/,3,800,7.78,URL is unknown to Google,,,,,,,
1-unknown-to-google,https://achology.com/achology-kb/what-makes-cognitive-behavioural-therapy-an-applied-psychology/,3,410,5.52,URL is unknown to Google,,,,,,,
1-unknown-to-google,https://achology.com/videos/the-pursuit-of-purpose/,3,214,8.89,URL is unknown to Google,,,,200,,,
1-unknown-to-google,https://achology.com/achology-quotes/jillian-michaels/,3,66,9.41,URL is unknown to Google,,,,200,,,
1-unknown-to-google,https://achology.com/book_categories/psychology/,3,52,13.87,URL is unknown to Google,,,,200,,,
1-unknown-to-google,https://achology.com/quote_author/jim-rohn/,3,40,11.05,URL is unknown to Google,,,,200,,,
1-unknown-to-google,https://achology.com/psychology/10-ethically-dubious-experiments/#h-introduction,2,50225,5.74,URL is unknown to Google,,,,,,,
1-unknown-to-google,https://achology.com/mental-wellness/the-neglected-genius-of-alfred-adler-and-adlerian-psychology/#h-alfred-adler-and-adlerian-psychology,2,32503,7.77,URL is unknown to Google,,,,,,,
1-unknown-to-google,https://achology.com/helping-people/gerard-egans-skilled-helper-model-using-the-3-stage-framework/#h-the-world-s-most-widely-used-counselling-model,2,24359,4.54,URL is unknown to Google,,,,,,,
1-unknown-to-google,https://achology.com/psychology/burrhus-frederic-skinner-quotes/#elementor-toc__heading-anchor-1,2,15904,5.34,URL is unknown to Google,,,,,,,
1-unknown-to-google,https://achology.com/psychology/burrhus-frederic-skinner-quotes/#elementor-toc__heading-anchor-0,2,15557,5.29,URL is unknown to Google,,,,,,,
1-unknown-to-google,https://achology.com/general-interest/the-impact-of-the-hawthorne-studies-on-workplace-dynamics/#h-methodology-and-design,2,14869,7.06,URL is unknown to Google,,,,,,,
1-unknown-to-google,https://achology.com/psychology/martin-seligman-and-his-contributions-to-positive-psychology/#h-introduction,2,14327,7.8,URL is unknown to Google,,,,,,,
1-unknown-to-google,https://achology.com/psychology/jean-piagets-contributions-to-developmental-psychology/#h-schemas-assimilation-and-accommodation,2,9370,7.56,URL is unknown to Google,,,,,,,
1-unknown-to-google,https://achology.com/psychology/21-quotes-by-abraham-maslow/#h-who-was-abraham-maslow,2,7013,6.53,URL is unknown to Google,,,,,,,
1-unknown-to-google,https://achology.com/psychology/burrhus-frederic-skinner-quotes/#h-luck-favors-the-prepared-mind,2,6301,6.43,URL is unknown to Google,,,,,,,
1-unknown-to-google,https://achology.com/psychology/what-is-counselling/#h-defining-counselling,2,4516,7.85,URL is unknown to Google,,,,,,,
1-unknown-to-google,https://achology.com/psychology/what-is-counselling/#elementor-toc__heading-anchor-0,2,3378,7.68,URL is unknown to Google,,,,,,,
1-unknown-to-google,https://achology.com/personal-growth/essential-character-traits-for-personal-growth-and-development/#h-the-importance-of-essential-character-traits,2,3344,8.74,URL is unknown to Google,,,,,,,
1-unknown-to-google,https://achology.com/achology-kb/how-do-i-get-certification-on-completion-of-my-achology-course/,2,576,16.12,URL is unknown to Google,,,,,,,
1-unknown-to-google,https://achology.com/product/motivation-hyper-focus-and-self-efficiency-course/,2,550,10.16,URL is unknown to Google,,,,,,,
1-unknown-to-google,https://achology.com/achology-quotes/william-james-2/,2,291,8.01,URL is unknown to Google,,,,200,,,
1-unknown-to-google,https://achology.com/book_categories/wisdom-for-life/,2,269,18.04,URL is unknown to Google,,,,200,,,
1-unknown-to-google,https://achology.com/quote_author/barrie-davenport/,2,223,4.61,URL is unknown to Google,,,,200,,,
1-unknown-to-google,https://achology.com/achology-kb/what-are-cips-competency-improvement-and-practice-sessions/,2,223,6.45,URL is unknown to Google,,,,,,,
1-unknown-to-google,https://achology.com/achology-quotes/gerald-jampolsky/,2,188,7.32,URL is unknown to Google,,,,200,,,
1-unknown-to-google,https://achology.com/achology-quotes/herbert-read/,2,149,7.35,URL is unknown to Google,,,,200,,,
1-unknown-to-google,https://achology.com/video-series/marriage-long-term-relationships-previews-x-6/,2,148,4.97,URL is unknown to Google,,,,200,,,
1-unknown-to-google,https://achology.com/achology-quotes/richard-reed/,2,60,12.95,URL is unknown to Google,,,,200,,,
1-unknown-to-google,https://achology.com/about-us/about-us-founders-letter/,2,27,6,URL is unknown to Google,,,,200,,,
1-unknown-to-google,https://achology.com/psychology/jean-piagets-contributions-to-developmental-psychology/#h-piaget-s-contribution-to-moral-development,1,30638,7.16,URL is unknown to Google,,,,,,,
1-unknown-to-google,https://achology.com/mental-wellness/the-neglected-genius-of-alfred-adler-and-adlerian-psychology/#h-how-mental-health-might-differ-if-adler-had-dominated,1,30371,7.89,URL is unknown to Google,,,,,,,
1-unknown-to-google,https://achology.com/psychology/jean-piagets-contributions-to-developmental-psychology/#h-jean-piaget-early-life-and-education,1,28382,7.29,URL is unknown to Google,,,,,,,
1-unknown-to-google,https://achology.com/mental-wellness/the-neglected-genius-of-alfred-adler-and-adlerian-psychology/#h-1-nbsp-individual-psychology,1,26529,7.84,URL is unknown to Google,,,,,,,
1-unknown-to-google,https://achology.com/helping-people/gerard-egans-skilled-helper-model-using-the-3-stage-framework/#h-stage-2-helping-the-client-set-goals,1,16615,3.91,URL is unknown to Google,,,,,,,
1-unknown-to-google,https://achology.com/general-interest/the-impact-of-the-hawthorne-studies-on-workplace-dynamics/#h-key-findings,1,15528,7.07,URL is unknown to Google,,,,,,,
1-unknown-to-google,https://achology.com/general-interest/the-impact-of-the-hawthorne-studies-on-workplace-dynamics/#h-psychological-mechanisms-and-implications,1,14921,7.08,URL is unknown to Google,,,,,,,
1-unknown-to-google,https://achology.com/psychology/exploration-of-dr-howard-gardners-nine-types-of-intelligence/#h-intelligence-1-linguistic-intelligence,1,14732,9.15,URL is unknown to Google,,,,,,,
1-unknown-to-google,https://achology.com/psychology/10-ethically-dubious-experiments/#elementor-toc__heading-anchor-7,1,14465,5.87,URL is unknown to Google,,,,,,,
1-unknown-to-google,https://achology.com/psychology/carl-rogers-person-centered-counseling/#h-major-theories-and-concepts,1,13748,9.37,URL is unknown to Google,,,,,,,
1-unknown-to-google,https://achology.com/psychology/social-conformity-insights-from-the-asch-conformity-experiment/#h-key-findings,1,12048,9.17,URL is unknown to Google,,,,,,,
1-unknown-to-google,https://achology.com/wisdom-for-life/navigating-life-with-a-sound-mind/#elementor-toc__heading-anchor-2,1,11860,9.55,URL is unknown to Google,,,,,,,
1-unknown-to-google,https://achology.com/general-interest/exploration-of-the-split-brain-experiment-by-roger-sperry/#h-methodology-and-design,1,11851,6.64,URL is unknown to Google,,,,,,,
1-unknown-to-google,https://achology.com/psychology/the-impact-of-freuds-defense-mechanisms-on-behavior/#h-sigmund-freud-s-defense-mechanisms,1,11800,9.38,URL is unknown to Google,,,,,,,
1-unknown-to-google,https://achology.com/psychology/sigmund-freuds-defence-mechanisms/#elementor-toc__heading-anchor-1,1,11713,7.94,URL is unknown to Google,,,,,,,
1-unknown-to-google,https://achology.com/general-interest/depth-perception-insights-from-the-visual-cliff-experiment/#h-methodology-and-design,1,9722,8.36,URL is unknown to Google,,,,,,,
1-unknown-to-google,https://achology.com/psychology/the-origins-of-positive-psychology/#h-key-concepts,1,9364,7.22,URL is unknown to Google,,,,,,,
1-unknown-to-google,https://achology.com/psychology/the-origins-of-positive-psychology/#h-introduction,1,9340,7.22,URL is unknown to Google,,,,,,,
1-unknown-to-google,https://achology.com/wisdom-for-life/benefits-of-practical-learning-why-experience-outweighs-academic-knowledge/#elementor-toc__heading-anchor-1,1,9112,6.85,URL is unknown to Google,,,,,,,
1-unknown-to-google,https://achology.com/general-interest/conditioning-fear-insights-from-the-little-albert-experiment/#h-key-findings,1,8896,9.83,URL is unknown to Google,,,,,,,
1-unknown-to-google,https://achology.com/psychology/martin-seligman-and-his-contributions-to-positive-psychology/#h-the-founder-of-positive-psychology,1,8212,7.94,URL is unknown to Google,,,,,,,
1-unknown-to-google,https://achology.com/wisdom-for-life/the-4-stages-of-human-evolution/#elementor-toc__heading-anchor-0,1,7155,8.3,URL is unknown to Google,,,,,,,
1-unknown-to-google,https://achology.com/motivation/psychology-theories-for-motivation/#h-theory-2-self-determination-theory-sdt,1,7135,9.76,URL is unknown to Google,,,,,,,
1-unknown-to-google,https://achology.com/wisdom-for-life/the-4-stages-of-human-evolution/#elementor-toc__heading-anchor-2,1,7125,8.3,URL is unknown to Google,,,,,,,
1-unknown-to-google,https://achology.com/wisdom-for-life/benefits-of-practical-learning-why-experience-outweighs-academic-knowledge/#elementor-toc__heading-anchor-2,1,6766,7.26,URL is unknown to Google,,,,,,,
1-unknown-to-google,https://achology.com/general-interest/voices-of-vulnerability-insights-from-the-monster-study-experiment/#h-key-findings,1,6279,7.26,URL is unknown to Google,,,,,,,
1-unknown-to-google,https://achology.com/general-interest/exploration-of-the-split-brain-experiment-by-roger-sperry/#h-ethical-considerations,1,6107,6.94,URL is unknown to Google,,,,,,,
1-unknown-to-google,https://achology.com/general-interest/voices-of-vulnerability-insights-from-the-monster-study-experiment/#h-psychological-mechanisms-and-implications,1,5867,7.32,URL is unknown to Google,,,,,,,
1-unknown-to-google,https://achology.com/wisdom-for-life/the-road-to-character-10-lessons-from-david-brooks-classic/#h-lesson-1-focus-on-eulogy-virtues,1,5488,7.96,URL is unknown to Google,,,,,,,
1-unknown-to-google,https://achology.com/psychology/learn-about-the-psychologist-dr-albert-ellis/#elementor-toc__heading-anchor-3,1,4960,7.52,URL is unknown to Google,,,,,,,
1-unknown-to-google,https://achology.com/wisdom-for-life/the-4-stages-of-human-evolution/#h-stage-1-the-learning-years,1,4840,8.67,URL is unknown to Google,,,,,,,
1-unknown-to-google,https://achology.com/general-interest/voices-of-vulnerability-insights-from-the-monster-study-experiment/#h-methodology-and-design,1,4749,7.53,URL is unknown to Google,,,,,,,
1-unknown-to-google,https://achology.com/psychology/what-is-counselling/#h-the-origins-of-counselling,1,4361,7.85,URL is unknown to Google,,,,,,,
1-unknown-to-google,https://achology.com/psychology/books-about-person-centred-psychology/#elementor-toc__heading-anchor-1,1,4201,6.64,URL is unknown to Google,,,,,,,
1-unknown-to-google,https://achology.com/psychology/books-about-person-centred-psychology/#elementor-toc__heading-anchor-2,1,4136,6.63,URL is unknown to Google,,,,,,,
1-unknown-to-google,https://achology.com/psychology/20-common-cognitive-biases-that-influence-your-decisions/#h-20-common-cognitive-biases,1,4124,7.39,URL is unknown to Google,,,,,,,
1-unknown-to-google,https://achology.com/wisdom-for-life/ethically-questionable-insights-from-the-robbers-cave-experiment/#h-methodology-and-design,1,4089,6.3,URL is unknown to Google,,,,,,,
1-unknown-to-google,https://achology.com/wisdom-for-life/ethically-questionable-insights-from-the-robbers-cave-experiment/#h-key-findings,1,4073,6.22,URL is unknown to Google,,,,,,,
1-unknown-to-google,https://achology.com/psychology/learn-about-the-psychologist-dr-albert-ellis/#elementor-toc__heading-anchor-1,1,3972,7.29,URL is unknown to Google,,,,,,,
1-unknown-to-google,https://achology.com/wisdom-for-life/skills-for-highly-effective-counseling/#h-definition-of-counselling-and-the-role-of-counsellors,1,3425,6.82,URL is unknown to Google,,,,,,,
1-unknown-to-google,https://achology.com/psychology/how-psychological-thinking-has-transformed-over-the-years/#h-the-origins-of-psychological-thinking,1,3391,6.24,URL is unknown to Google,,,,,,,
1-unknown-to-google,https://achology.com/general-interest/voices-of-vulnerability-insights-from-the-monster-study-experiment/#h-ethical-considerations,1,3244,6.75,URL is unknown to Google,,,,,,,
1-unknown-to-google,https://achology.com/personal-growth/essential-character-traits-for-personal-growth-and-development/#h-resilience,1,2926,8.91,URL is unknown to Google,,,,,,,
1-unknown-to-google,https://achology.com/motivation/the-importance-of-self-awareness-and-make-better-choices/#h-steps-to-help-you-discover-and-understand-your-core-values,1,2603,6.24,URL is unknown to Google,,,,,,,
1-unknown-to-google,https://achology.com/publications/fdsfds/,1,2582,11.44,URL is unknown to Google,,,,200,,,
1-unknown-to-google,https://achology.com/wisdom-for-life/friedrich-nietzsche-valuable-lessons-from-his-life-and-works/#h-the-critique-of-conventional-morality,1,1950,10.05,URL is unknown to Google,,,,,,,
1-unknown-to-google,https://achology.com/mental-wellness/how-irresponsibility-leads-to-personal-disempowerment/#h-understanding-irresponsibility,1,1455,8.08,URL is unknown to Google,,,,,,,
1-unknown-to-google,https://achology.com/mental-wellness/how-irresponsibility-leads-to-personal-disempowerment/#h-5-perpetuation-of-negative-patterns,1,1247,8.59,URL is unknown to Google,,,,,,,
1-unknown-to-google,https://achology.com/psychology/exploration-of-the-cognitive-maps-experiment-by-edward-tolman/#h-ethical-considerations,1,1174,9.43,URL is unknown to Google,,,,,,,
1-unknown-to-google,https://achology.com/wisdom-for-life/a-guide-to-building-inner-resilience/#elementor-toc__heading-anchor-0,1,1100,6.38,URL is unknown to Google,,,,,,,
1-unknown-to-google,https://achology.com/wisdom-for-life/dynamics-of-leading-effective-diplomatic-discussions/#h-upgrading-your-people-skills,1,1026,9.2,URL is unknown to Google,,,,,,,
1-unknown-to-google,https://achology.com/wisdom-for-life/dynamics-of-leading-effective-diplomatic-discussions/#elementor-toc__heading-anchor-1,1,785,9.26,URL is unknown to Google,,,,,,,
1-unknown-to-google,https://achology.com/wisdom-for-life/exploring-the-stephen-karpman-drama-triangle/#h-lesson-3-recognize-role-switching,1,744,5.89,URL is unknown to Google,,,,,,,
1-unknown-to-google,https://achology.com/videos/guide-to-leveraging-learning-styles-for-personal-growth/,1,600,13.81,URL is unknown to Google,,,,200,,,
1-unknown-to-google,https://achology.com/achology-quotes/malcolm-s-forbes/,1,563,11.36,URL is unknown to Google,,,,200,,,
1-unknown-to-google,https://achology.com/psychology/achology-exploring-the-legacy-of-william-james-the-father-of-modern-psychology/#h-introducing-william-james,1,561,6.55,URL is unknown to Google,,,,,,,
1-unknown-to-google,https://achology.com/achology-kb/what-does-achology-mean-becoming-wiser/,1,378,3.1,URL is unknown to Google,,,,200,,,
1-unknown-to-google,https://achology.com/product/ultimate-guide-to-neuro-linguistic-programming-nlp/,1,352,22.89,URL is unknown to Google,,,,,,,
1-unknown-to-google,https://achology.com/achology-quotes/abigail-van-buren/,1,255,7.65,URL is unknown to Google,,,,200,,,
2-kb-404,https://achology.com/achology-kb/whats-the-difference-between-a-certificate-of-completion-and-achievement/,234,63652,6.31,Not found (404),2026-08-26T20:41:03Z,,https://achology.com/ht_kb-sitemap.xml; https://achology.com/knowledge-base/,,,,no row in help-slug-map.csv for this address
2-kb-404,https://achology.com/achology-kb/how-is-cognitive-psychology-applied-to-lifes-everyday-situations/,111,9495,8.99,Not found (404),2026-05-08T12:11:41Z,,https://achology.com/knowledge-base/; https://achology.com/achology-kb/what-are-the-main-contributions-of-daniel-goleman-to-modern-applied-psychology/,,,,no row in help-slug-map.csv for this address
2-kb-404,https://achology.com/achology-kb/why-is-self-discipline-emphasised-so-much-in-applied-psychology/,36,6862,6.96,Not found (404),2026-03-11T19:01:22Z,,https://achology.com/achology-kb/what-are-the-main-contributions-of-daniel-goleman-to-modern-applied-psychology/,,,,no row in help-slug-map.csv for this address
2-kb-404,https://achology.com/achology-kb/can-you-provide-a-definition-of-modern-applied-psychology/,31,8523,7.73,Not found (404),2026-03-07T12:53:29Z,,https://achology.com/knowledge-base/; https://achology.com/achology-kb/does-achology-certification-allow-me-to-practice-my-skills-on-people/; https://achology.com/ht_kb-sitemap.xml,,,,no row in help-slug-map.csv for this address
2-kb-404,https://achology.com/achology-kb/what-are-the-main-differences-between-mindvalley-and-achology/,16,9986,4.99,Not found (404),2026-03-19T14:27:47Z,,https://achology.com/ht_kb-sitemap.xml,,,,no row in help-slug-map.csv for this address
2-kb-404,https://achology.com/achology-kb/does-psychology-fit-solely-within-the-realm-of-empirical-science/,12,3257,7.61,Not found (404),2026-03-13T12:26:09Z,,https://achology.com/article-categories/applied-psychology-as-a-field-of-enquiry/page/4/; https://achology.com/author/amelia-sinclair/,,,,no row in help-slug-map.csv for this address
2-kb-404,https://achology.com/achology-kb/what-makes-self-knowledge-a-key-focus-in-applied-psychology/,10,9059,10.17,Not found (404),2026-03-16T06:12:56Z,,https://achology.com/achology-kb/what-are-the-main-contributions-of-daniel-goleman-to-modern-applied-psychology/,,,,no row in help-slug-map.csv for this address
2-kb-404,https://achology.com/achology-kb/how-does-applied-psychology-vary-from-other-psychology-fields/,10,2490,16.51,Not found (404),2026-04-08T16:35:39Z,,https://achology.com/article-categories/applied-psychology-as-a-field-of-enquiry/page/5/; https://achology.com/author/amelia-sinclair/,,,,no row in help-slug-map.csv for this address
2-kb-404,https://achology.com/achology-kb/what-makes-neuro-linguistic-programming-an-applied-psychology/,6,3027,21.4,Not found (404),2026-03-16T07:26:16Z,,https://achology.com/knowledge-base/; https://achology.com/achology-kb/who-was-karl-lashley-an-overview-of-his-life-and-works/,,,,no row in help-slug-map.csv for this address
2-kb-404,https://achology.com/achology-kb/valts-what-is-the-purpose-of-the-coaching-hot-seat-events/,6,2525,6.3,Not found (404),2026-03-28T07:46:55Z,,https://achology.com/achology-kb/how-do-i-participate-in-proficiency-development-workshops/,,,,no row in help-slug-map.csv for this address
2-kb-404,https://achology.com/achology-kb/how-did-hypnotherapy-evolve-within-the-field-of-applied-psychology/,6,2004,10.48,Not found (404),2026-03-13T03:19:47Z,,https://achology.com/knowledge-base/; https://achology.com/achology-kb/who-was-karl-lashley-an-overview-of-his-life-and-works/,,,,no row in help-slug-map.csv for this address
2-kb-404,https://achology.com/achology-kb/what-makes-self-awareness-a-key-focus-in-applied-psychology/,4,2727,7.75,Not found (404),2026-03-21T23:03:11Z,,https://achology.com/achology-kb/what-are-the-main-contributions-of-daniel-goleman-to-modern-applied-psychology/,,,,no row in help-slug-map.csv for this address
2-kb-404,https://achology.com/achology-kb/what-exactly-is-an-achology-certificate-of-achievement/,4,2590,10.79,Not found (404),2026-03-15T20:39:07Z,,https://achology.com/knowledge-base/,,,,no row in help-slug-map.csv for this address
2-kb-404,https://achology.com/achology-kb/how-does-life-coaching-integrate-into-modern-applied-psychology/,4,780,13.16,Not found (404),2026-04-04T06:23:42Z,,https://achology.com/knowledge-base/; https://achology.com/achology-kb/who-was-karl-lashley-an-overview-of-his-life-and-works/,,,,no row in help-slug-map.csv for this address
2-kb-404,https://achology.com/achology-kb/what-are-the-main-differences-between-udemy-and-achology-com/,4,599,22.7,Not found (404),2026-03-18T21:50:27Z,,,,,,no row in help-slug-map.csv for this address
2-kb-404,https://achology.com/achology-kb/whats-the-difference-between-achology-certification-and-somap-accreditation/,3,877,14.52,Not found (404),2026-03-22T20:00:19Z,,https://achology.com/achology-kb/is-achology-life-coach-certification-training-recognised-by-the-icf/,,,,no row in help-slug-map.csv for this address
2-kb-404,https://achology.com/achology-kb/what-happens-if-i-wish-to-cancel-my-achology-membership/,2,619,4.63,Not found (404),2026-08-14T13:26:14Z,,https://achology.com/ht_kb-sitemap.xml; https://achology.com/knowledge-base/,,,,no row in help-slug-map.csv for this address
2-kb-404,https://achology.com/achology-kb/why-is-professional-development-important-for-mindfulness-practitioners/,2,33,15.88,Not found (404),2026-03-11T21:56:28Z,,https://achology.com/achology-kb/what-are-the-main-contributions-of-leon-festinger-to-modern-applied-psychology/; https://achology.com/knowledge-base/,,,,no row in help-slug-map.csv for this address
2-kb-404,https://achology.com/achology-kb/mission-of-the-academy-of-modern-applied-psychology/,1,1075,8.69,Not found (404),2026-07-29T17:42:17Z,,https://achology.com/article-categories/academy-of-modern-applied-psychology/page/5/; https://achology.com/achology-kb/what-happens-if-i-cancel-my-achology-membership/; https://achology.com/achology-kb/does-achology-certification-allow-me-to-practice-my-skills-on-people/,,,,no row in help-slug-map.csv for this address
2-kb-404,https://achology.com/achology-kb/what-happens-if-i-need-to-pause-my-course-can-i-resume-it-later-2/,1,989,9.38,Not found (404),2026-03-13T15:07:31Z,,https://achology.com/achology-kb/how-can-i-study-achology-training-products-if-im-visually-impaired/; https://achology.com/achology-kb/do-i-need-any-prior-knowledge-or-qualifications-to-join-achology/,,,,no row in help-slug-map.csv for this address
2-kb-404,https://achology.com/achology-kb/when-was-the-academy-of-modern-applied-psychology-founded/,1,264,21.8,Not found (404),2026-03-16T14:06:12Z,,https://achology.com/knowledge-base/; https://achology.com/ht_kb-sitemap.xml,,,,no row in help-slug-map.csv for this address
4-missing-from-live-list,https://achology.com/wisdom-for-life/jean-piaget-quotes-on-human-development/,7811,289588,6.34,Submitted and indexed,2026-08-25T05:06:55Z,https://achology.com/wisdom-for-life/jean-piaget-quotes-on-human-development/,https://achology.com/psychology/jean-piaget-quotes-on-human-development/,,,,
4-missing-from-live-list,https://achology.com/personal-growth/27-albert-bandura-quotes/,1357,61209,6.39,Submitted and indexed,2026-08-21T17:06:20Z,https://achology.com/personal-growth/27-albert-bandura-quotes/,https://achology.com/psychology/27-albert-bandura-quotes/,,,,
4-missing-from-live-list,https://achology.com/psychology/learned-helplessness-experiment-the-psychology-of-helplessness/,763,117322,8.93,Submitted and indexed,2026-08-23T14:29:20Z,https://achology.com/psychology/learned-helplessness-experiment-the-psychology-of-helplessness/,https://achology.com/mental-wellness/learned-helplessness-experiment-the-psychology-of-helplessness/,,,,
4-missing-from-live-list,https://achology.com/psychology/finding-lifes-purpose-with-viktor-frankls-mans-search-for-meaning/,624,202666,7.46,Submitted and indexed,2026-09-01T18:22:36Z,https://achology.com/psychology/finding-lifes-purpose-with-viktor-frankls-mans-search-for-meaning/,https://www.iyaricevallos.com.au/blog/building-positive-motivation-the-power-of-meaning-in-life-and-work; https://achology.com/mental-wellness/finding-lifes-purpose-with-viktor-frankls-mans-search-for-meaning/,,,,
4-missing-from-live-list,https://achology.com/achology-kb/whats-the-difference-between-a-certificate-of-completion-and-achievement/,234,63652,6.31,Not found (404),2026-08-26T20:41:03Z,,https://achology.com/ht_kb-sitemap.xml; https://achology.com/knowledge-base/,,,,
4-missing-from-live-list,https://achology.com/achology-home/academy-for-applied-psychology/,185,6708,4.27,Not found (404),2026-06-26T14:54:57Z,,https://achology.com/; https://achology.com/books/the-power-of-now-a-guide-to-spiritual-enlightenment-by-eckhart-tolle/,,,,
4-missing-from-live-list,https://achology.com/positive-psychology/the-psychology-of-self-improvement/,147,47782,11.34,Page with redirect,2026-08-26T18:09:42Z,https://achology.com/motivation/the-psychology-of-self-improvement/,https://achology.com/motivation/the-psychology-of-self-improvement/; https://freed-frontend-react-bbrgbunnc-be-freed.vercel.app/it/learning-plan/the-architecture-of-self-mastery-004; https://achology.com/achology-home/knowledge-hub/,,,,
4-missing-from-live-list,https://achology.com/wisdom-for-life/understanding-your-core-values/,147,46236,10.12,Submitted and indexed,2026-08-20T04:12:58Z,https://achology.com/wisdom-for-life/understanding-your-core-values/,https://princeea.riosisgroup.com/how-to-find-meaning-and-motivation-in-daily-life/; https://achology.com/personal-growth/understanding-your-core-values/,,,,
4-missing-from-live-list,https://achology.com/achology-kb/how-is-cognitive-psychology-applied-to-lifes-everyday-situations/,111,9495,8.99,Not found (404),2026-05-08T12:11:41Z,,https://achology.com/knowledge-base/; https://achology.com/achology-kb/what-are-the-main-contributions-of-daniel-goleman-to-modern-applied-psychology/,,,,
4-missing-from-live-list,https://achology.com/wisdom-for-life/the-smart-goal-setting-framework-for-life-coaching-excellence/,71,30984,12.14,Submitted and indexed,2026-08-21T04:28:39Z,https://achology.com/wisdom-for-life/the-smart-goal-setting-framework-for-life-coaching-excellence/,https://achology.com/helping-people/the-smart-goal-setting-framework-for-life-coaching-excellence/,,,,
4-missing-from-live-list,https://achology.com/product/diploma-in-modern-applied-psychology-training-course/,61,2317,9.48,Page with redirect,2026-08-31T02:46:37Z,https://achology.com/product/online-psychology-diploma-course/,https://achology.com/product/online-psychology-diploma-course/; https://achology.com/achology-quotes/aaron-t-beck-14/?nocache=1779411612; https://achology.com/school/the-school-of-modern-applied-mindfulness/,,,,
4-missing-from-live-list,https://achology.com/achology-home/academy-for-applied-psychology/achology-accreditation/,59,5217,3.65,Not found (404),2026-06-14T10:31:39Z,,https://achology.com/; https://achology.com/article-categories/applied-psychology-as-a-field-of-enquiry/,,,,
4-missing-from-live-list,https://achology.com/positive-psychology/how-alfred-adlers-ideas-could-have-reshaped-the-mental-health-industry/,57,13432,9.1,URL is unknown to Google,,,,,,,
4-missing-from-live-list,https://achology.com/school/self-improvement-and-personal-growth-courses/,54,32611,21.2,Page with redirect,2026-08-27T06:43:26Z,https://achology.com/school/the-school-of-personal-growth-and-development/,https://achology.com/school/the-school-of-personal-growth-and-development/; https://achology.com/achology/academy/curriculum/; https://achology.com/product/annual-membership/,,,,
4-missing-from-live-list,https://achology.com/product/life-coaching-certification-training-course-online/,52,5678,36.59,Page with redirect,2026-08-21T08:59:04Z,https://achology.com/product/online-life-coaching-certification-course/,https://achology.com/product/online-life-coaching-certification-course/; https://achology.com/tag/direction-in-life/feed/; https://achology.com/achology-kb/who-was-john-b-watson-an-overview-of-his-life-and-works/,,,,
4-missing-from-live-list,https://achology.com/achology-affiliate-program/,42,4295,10.94,URL is unknown to Google,,,,,,,
4-missing-from-live-list,https://achology.com/school/the-school-of-neuro-linguistic-programming-nlp/,41,11033,19.14,Page with redirect,2026-08-14T21:35:07Z,https://achology.com/school/neuro-linguistic-programming-courses/,https://achology.com/school/neuro-linguistic-programming-courses/; https://achology.com/product/professional-mental-health-practitioner-training-course/; https://kainramsay.com/events/the-psychology-of-personal-clarity/,,,,
4-missing-from-live-list,https://achology.com/wisdom-for-life/driving-forces-exploring-psychological-theories-for-motivation/,39,26320,19.69,Submitted and indexed,2026-08-09T22:46:32Z,https://achology.com/wisdom-for-life/driving-forces-exploring-psychological-theories-for-motivation/,https://achology.com/motivation/driving-forces-exploring-psychological-theories-for-motivation/,,,,
4-missing-from-live-list,https://achology.com/article-categories/academy-of-modern-applied-psychology/,38,992,14.2,Not found (404),2026-04-04T18:13:01Z,,https://achology.com/knowledge-base/; https://achology.com/achology-kb/what-is-the-primary-purpose-and-mission-of-achology/,,,,
4-missing-from-live-list,https://achology.com/achology-kb/why-is-self-discipline-emphasised-so-much-in-applied-psychology/,36,6862,6.96,Not found (404),2026-03-11T19:01:22Z,,https://achology.com/achology-kb/what-are-the-main-contributions-of-daniel-goleman-to-modern-applied-psychology/,,,,
4-missing-from-live-list,https://achology.com/achology-home/achology-courses/,34,5308,4.93,Page with redirect,2026-08-12T07:13:21Z,https://achology.com/achology-kb/achology-courses-cpd-hours/,https://achology.com/achology-kb/achology-courses-cpd-hours/; https://achology.com/courses/mental-health-practitioner-2020/lessons/essential-principles-for-relationship-improvement/topic/people-types-maturity-levels-and-consequences/; https://achology.com/books/the-power-of-now-a-guide-to-spiritual-enlightenment-by-eckhart-tolle/,,,,
4-missing-from-live-list,https://achology.com/product/cbt-cognitive-behavioural-therapy-training-course/,34,3500,25.32,Page with redirect,2026-08-13T10:23:17Z,https://achology.com/product/cognitive-behavioral-therapy-certification/,https://achology.com/product/cognitive-behavioral-therapy-certification/; https://achology.com/psychology/30-abraham-maslow-quotes/; https://achology.com/product-sitemap.xml,,,,
4-missing-from-live-list,https://community.achology.com/,34,515,19.62,Submitted and indexed,2026-08-30T05:06:11Z,https://community.achology.com/,https://achology.com/jobs/life-coaching-for-inspiration-and-fostering-a-growth-mindset/; https://achology.com/videos/origins-of-neuro-linguistic-programming/?nocache=1767427729,,,,
4-missing-from-live-list,https://achology.com/achology-home/achology-membership/,32,3801,4.24,Page with redirect,2026-08-27T16:27:45Z,https://achology.com/achology/achology-membership/,https://achology.com/achology/achology-membership/; https://achology.com/courses/mental-health-practitioner-2020/lessons/essential-principles-for-relationship-improvement/topic/people-types-maturity-levels-and-consequences/; https://achology.com/article-categories/applied-psychology-as-a-field-of-enquiry/,,,,
4-missing-from-live-list,https://achology.com/achology-kb/can-you-provide-a-definition-of-modern-applied-psychology/,31,8523,7.73,Not found (404),2026-03-07T12:53:29Z,,https://achology.com/knowledge-base/; https://achology.com/achology-kb/does-achology-certification-allow-me-to-practice-my-skills-on-people/; https://achology.com/ht_kb-sitemap.xml,,,,
4-missing-from-live-list,https://achology.com/?utm_source=google&utm_medium=local&utm_campaign=1&utm_content=primary,30,6911,7.86,URL is unknown to Google,,,,,,,
4-missing-from-live-list,https://achology.com/psychology/gerard-egans-skilled-helper-model-using-the-3-stage-framework/,26,1777,6.93,Alternative page with proper canonical tag,2026-08-26T19:52:40Z,https://achology.com/helping-people/gerard-egans-skilled-helper-model-using-the-3-stage-framework/,https://achology.com/helping-people/gerard-egans-skilled-helper-model-using-the-3-stage-framework/; https://achology.com/helping-people/gerard-egans-skilled-helper-model-using-the-3-stage-framework/?nocache=1779533714; https://catgpt.work/search?q=gerard+egan+help+desk&FORM=QSRE6,,,,
4-missing-from-live-list,https://achology.com/achology-kb/who-recognises-the-academy-of-modern-applied-psychology-certificates/,25,2896,6.69,URL is unknown to Google,,,,,,,
4-missing-from-live-list,https://achology.com/product/neuro-linguistic-programming-practitioner-training-course-nlp/,24,12169,35.27,Page with redirect,2026-08-10T15:31:55Z,https://achology.com/product/nlp-practitioner-training-course/,https://achology.com/product/nlp-practitioner-training-course/; https://achology.com/videos/introduction-to-neuro-linguistic-programming/; https://achology.com/achology-kb/who-was-john-b-watson-an-overview-of-his-life-and-works/,,,,
4-missing-from-live-list,https://achology.com/achology-kb/how-neuro-linguistic-programming-contradicts-clinical-psychology/,22,2073,10.65,URL is unknown to Google,,,,,,,
4-missing-from-live-list,https://achology.com/wisdom-for-life/the-art-of-eloquence-and-effective-communication/,21,5044,7.5,URL is unknown to Google,,,,,,,
4-missing-from-live-list,https://achology.com/product/hypnotherapy-and-hypnosis-practitioner-course/,21,4014,44.11,Page with redirect,2026-08-13T14:02:24Z,https://achology.com/product/hypnotherapy-practitioner-training-course-online/,https://achology.com/product/hypnotherapy-practitioner-training-course-online/; https://achology.com/product/achology-access-all-areas-pass-bundle/,,,,
4-missing-from-live-list,https://achology.com/product/nlp-master-practitioner-neuro-linguistic-programming-course/,19,6781,29,Page with redirect,2026-08-17T04:19:00Z,https://achology.com/product/nlp-master-practitioner-course/,https://achology.com/product/nlp-master-practitioner-course/; https://achology.com/product-sitemap.xml,,,,
4-missing-from-live-list,https://achology.com/achology-kb/what-are-the-main-differences-between-mindvalley-and-achology/,16,9986,4.99,Not found (404),2026-03-19T14:27:47Z,,https://achology.com/ht_kb-sitemap.xml,,,,
4-missing-from-live-list,https://achology.com/achology-kb/does-psychology-fit-solely-within-the-realm-of-empirical-science/,12,3257,7.61,Not found (404),2026-03-13T12:26:09Z,,https://achology.com/article-categories/applied-psychology-as-a-field-of-enquiry/page/4/; https://achology.com/author/amelia-sinclair/,,,,
4-missing-from-live-list,https://achology.com/achology-kb/how-did-mindfulness-become-integral-within-applied-psychology/,12,2515,8.82,URL is unknown to Google,,,,,,,
4-missing-from-live-list,https://achology.com/school/the-achology-school-of-life-coaching/,11,2609,9.22,Page with redirect,2026-07-31T22:52:34Z,https://achology.com/school/life-coaching-certification-courses/,https://achology.com/school/life-coaching-certification-courses/; https://achology.com/achology-quotes/maxwell-maltz/; https://achology.com/school-sitemap.xml,,,,
4-missing-from-live-list,https://achology.com/new-courses/,11,1550,16.93,Not found (404),2026-03-16T04:16:11Z,,,,,,
4-missing-from-live-list,https://achology.com/achology-kb/what-makes-self-knowledge-a-key-focus-in-applied-psychology/,10,9059,10.17,Not found (404),2026-03-16T06:12:56Z,,https://achology.com/achology-kb/what-are-the-main-contributions-of-daniel-goleman-to-modern-applied-psychology/,,,,
4-missing-from-live-list,https://achology.com/achology-kb/how-does-applied-psychology-vary-from-other-psychology-fields/,10,2490,16.51,Not found (404),2026-04-08T16:35:39Z,,https://achology.com/article-categories/applied-psychology-as-a-field-of-enquiry/page/5/; https://achology.com/author/amelia-sinclair/,,,,
4-missing-from-live-list,https://achology.com/general-interest/psychology-understanding-the-blue-eyes-brown-eyes-experiment/#h-what-is-the-blue-eye-theory-methodology-and-design,9,60584,4.32,URL is unknown to Google,,,,,,,
4-missing-from-live-list,https://achology.com/achology-kb/why-is-continuing-professional-development-vital-for-life-coaches/,9,6118,13.69,URL is unknown to Google,,,,,,,
4-missing-from-live-list,https://achology.com/psychology/the-neglected-genius-of-alfred-adler-and-adlerian-psychology/,8,2850,9.36,Alternative page with proper canonical tag,2026-08-20T09:31:26Z,https://achology.com/mental-wellness/the-neglected-genius-of-alfred-adler-and-adlerian-psychology/,https://achology.com/mental-wellness/the-neglected-genius-of-alfred-adler-and-adlerian-psychology/; https://achology.com/mental-wellness/the-neglected-genius-of-alfred-adler-and-adlerian-psychology/?nocache=1778729379,,,,
4-missing-from-live-list,https://achology.com/achology-quotes/alain-de-botton-10/,7,337,8.34,Submitted and indexed,2026-08-01T21:12:33Z,https://achology.com/achology-quotes/alain-de-botton-10/,https://achology.com/psychology/30-abraham-maslow-quotes/?LinkSource=PassleApp; https://achology.com/achology-quotes-sitemap.xml,,,,
4-missing-from-live-list,https://achology.com/quizzes/the-are-you-prejudiced-quiz-2/,7,65,9.54,Excluded by ‘noindex’ tag,2025-12-21T13:07:23Z,https://achology.com/quizzes/the-are-you-prejudiced-quiz-2/,,,,,
4-missing-from-live-list,https://achology.com/achology-kb/what-makes-neuro-linguistic-programming-an-applied-psychology/,6,3027,21.4,Not found (404),2026-03-16T07:26:16Z,,https://achology.com/knowledge-base/; https://achology.com/achology-kb/who-was-karl-lashley-an-overview-of-his-life-and-works/,,,,
4-missing-from-live-list,https://achology.com/achology-kb/valts-what-is-the-purpose-of-the-coaching-hot-seat-events/,6,2525,6.3,Not found (404),2026-03-28T07:46:55Z,,https://achology.com/achology-kb/how-do-i-participate-in-proficiency-development-workshops/,,,,
4-missing-from-live-list,https://achology.com/achology-kb/how-did-hypnotherapy-evolve-within-the-field-of-applied-psychology/,6,2004,10.48,Not found (404),2026-03-13T03:19:47Z,,https://achology.com/knowledge-base/; https://achology.com/achology-kb/who-was-karl-lashley-an-overview-of-his-life-and-works/,,,,
4-missing-from-live-list,https://achology.com/product/marriage-relationships-and-premarital-preparation-class/,6,854,15.72,Page with redirect,2026-08-12T16:17:44Z,https://achology.com/product/online-marriage-training-course/,https://achology.com/product/online-marriage-training-course/; https://achology.com/product-category/achology/; https://achology.com/videos/impact-of-personal-growth-on-relationship-dynamics/,,,,
4-missing-from-live-list,https://achology.com/product/introduction-to-cognitive-behavioural-therapy-online-course/,6,523,18.37,Page with redirect,2026-07-19T11:16:16Z,https://achology.com/product/cognitive-behavioral-therapy-training/,https://achology.com/product/cognitive-behavioral-therapy-training/; https://achology.com/product-tag/course/; https://achology.com/product-sitemap.xml,,,,
4-missing-from-live-list,https://achology.com/achology-kb/are-academy-of-modern-applied-psychology-courses-accredited/,6,460,9.6,URL is unknown to Google,,,,,,,
4-missing-from-live-list,https://achology.com/psychology/10-ethically-dubious-experiments/#elementor-toc__heading-anchor-5,5,40874,5.75,URL is unknown to Google,,,,,,,
4-missing-from-live-list,https://achology.com/school/the-school-of-cognitive-behavioural-psychology/,5,1955,6.77,Page with redirect,2026-07-28T05:12:12Z,https://achology.com/school/cognitive-behavioural-therapy-courses/,https://achology.com/product/online-marriage-training-course/; https://achology.com/school/cognitive-behavioural-therapy-courses/; https://achology.com/achology-quotes/leonardo-da-vinci-3/,,,,
4-missing-from-live-list,https://achology.com/wiser-people/directory/coach/Kain/,5,995,5.05,URL is unknown to Google,,,,,,,
4-missing-from-live-list,https://achology.com/product/the-skilled-helper-practitioner-training-course-skilled-to-advanced/,5,257,9.44,Page with redirect,2026-07-05T03:13:24Z,https://achology.com/product/skilled-helper-practitioner-training-course/,https://achology.com/product/skilled-helper-practitioner-training-course/; https://achology.com/product/the-achology-school-of-life-coaching-course-bundle/; https://achology.com/achology-kb/who-was-john-b-watson-an-overview-of-his-life-and-works/,,,,
4-missing-from-live-list,https://achology.com/product/diploma-course-in-modern-applied-psychology/,5,100,5.69,Page with redirect,2026-08-12T12:34:09Z,https://achology.com/product/online-psychology-diploma-course/,https://achology.com/product/online-psychology-diploma-course/,,,,
4-missing-from-live-list,https://achology.com/general-interest/psychology-understanding-the-blue-eyes-brown-eyes-experiment/#h-blue-and-brown-eye-theory-key-findings,4,61069,4.3,URL is unknown to Google,,,,,,,
4-missing-from-live-list,https://achology.com/psychology/10-ethically-dubious-experiments/#elementor-toc__heading-anchor-1,4,49982,5.73,URL is unknown to Google,,,,,,,
4-missing-from-live-list,https://achology.com/achology-kb/what-makes-self-awareness-a-key-focus-in-applied-psychology/,4,2727,7.75,Not found (404),2026-03-21T23:03:11Z,,https://achology.com/achology-kb/what-are-the-main-contributions-of-daniel-goleman-to-modern-applied-psychology/,,,,
4-missing-from-live-list,https://achology.com/achology-kb/what-exactly-is-an-achology-certificate-of-achievement/,4,2590,10.79,Not found (404),2026-03-15T20:39:07Z,,https://achology.com/knowledge-base/,,,,
4-missing-from-live-list,https://achology.com/achology-kb/what-is-continuing-professional-development-cpd/,4,1361,18.42,URL is unknown to Google,,,,,,,
4-missing-from-live-list,https://achology.com/product/mindfulness-training-for-nurturing-influential-leadership/,4,987,21.34,Page with redirect,2026-08-12T15:46:23Z,https://achology.com/product/mindfulness-leadership-training/,https://achology.com/school/the-school-of-modern-applied-mindfulness/; https://achology.com/product-sitemap.xml,,,,
4-missing-from-live-list,https://achology.com/product/confidence-assertiveness-and-emotional-intelligence-training-course/,4,937,8.67,URL is unknown to Google,,,,,,,
4-missing-from-live-list,https://achology.com/achology-kb/how-does-life-coaching-integrate-into-modern-applied-psychology/,4,780,13.16,Not found (404),2026-04-04T06:23:42Z,,https://achology.com/knowledge-base/; https://achology.com/achology-kb/who-was-karl-lashley-an-overview-of-his-life-and-works/,,,,
4-missing-from-live-list,https://achology.com/wiser-people/,4,681,11.13,URL is unknown to Google,,,,,,,
4-missing-from-live-list,https://achology.com/achology-kb/what-are-the-main-differences-between-udemy-and-achology-com/,4,599,22.7,Not found (404),2026-03-18T21:50:27Z,,,,,,
4-missing-from-live-list,https://achology.com/article-categories/achology-pricing-refunds-and-policies/,4,98,25.98,URL is unknown to Google,,,,,,,
4-missing-from-live-list,https://achology.com/achology-kb/which-qualities-are-required-for-a-career-in-applied-psychology/,4,85,6.58,URL is unknown to Google,,,,,,,
4-missing-from-live-list,https://achology.com/helping-people/gerard-egans-skilled-helper-model-using-the-3-stage-framework/#h-gerard-egan-s-skilled-helper-model,3,31541,4.19,URL is unknown to Google,,,,,,,
4-missing-from-live-list,https://achology.com/psychology/10-ethically-dubious-experiments/#elementor-toc__heading-anchor-3,3,20837,5.76,URL is unknown to Google,,,,,,,
4-missing-from-live-list,https://achology.com/psychology/jean-piagets-contributions-to-developmental-psychology/#h-the-pioneer-of-cognitive-development-theory,3,16588,7.34,URL is unknown to Google,,,,,,,
4-missing-from-live-list,https://achology.com/psychology/martin-seligman-and-his-contributions-to-positive-psychology/#h-seligman-s-theory-of-learned-helplessness,3,10305,7.75,URL is unknown to Google,,,,,,,
4-missing-from-live-list,https://achology.com/psychology/21-quotes-by-abraham-maslow/#h-maslow-s-hierarchy-of-needs,3,7013,6.53,URL is unknown to Google,,,,,,,
4-missing-from-live-list,https://achology.com/achology-kb/whats-the-difference-between-achology-certification-and-somap-accreditation/,3,877,14.52,Not found (404),2026-03-22T20:00:19Z,,https://achology.com/achology-kb/is-achology-life-coach-certification-training-recognised-by-the-icf/,,,,
4-missing-from-live-list,https://achology.com/achology-kb/what-is-the-primary-purpose-and-mission-of-achology/,3,800,7.78,URL is unknown to Google,,,,,,,
4-missing-from-live-list,https://achology.com/product/the-communication-skills-and-social-intelligence-masterclass/,3,764,13.43,Page with redirect,2026-08-26T14:25:07Z,https://achology.com/product/online-communication-skills-course/,https://achology.com/product/online-communication-skills-course/; https://achology.com/school/the-school-of-person-centred-psychology/; https://achology.com/achology-kb/who-was-john-b-watson-an-overview-of-his-life-and-works/,,,,
4-missing-from-live-list,https://achology.com/product/master-your-mindset-increase-confidence-and-social-skills/,3,471,12.28,Page with redirect,2026-06-23T00:54:37Z,https://achology.com/product/online-emotional-intelligence-training-course/,https://achology.com/product/online-emotional-intelligence-training-course/; https://kainramsay.com/; https://achology.com/,,,,
4-missing-from-live-list,https://achology.com/achology-kb/what-makes-cognitive-behavioural-therapy-an-applied-psychology/,3,410,5.52,URL is unknown to Google,,,,,,,
4-missing-from-live-list,https://achology.com/achology-quotes/anne-frank-2/,3,388,14.34,Submitted and indexed,2026-06-14T03:14:49Z,https://achology.com/achology-quotes/anne-frank-2/,https://achology.com/achology-home/knowledge-hub/; https://achology.com/achology-quotes-sitemap.xml,,,,
4-missing-from-live-list,https://achology.com/product/online-mindfulness-practitioner-training-course/,3,377,29.76,Page with redirect,2026-08-30T14:22:52Z,https://achology.com/product/online-mindfulness-training-course/,https://achology.com/product/online-mindfulness-training-course/; https://achology.com/product/achology-access-all-areas-pass-bundle/; https://achology.com/product-sitemap.xml,,,,
4-missing-from-live-list,http://achology.com/,3,175,6.82,Page with redirect,2026-08-30T20:53:33Z,https://achology.com/,https://achology.com/; http://www.uaewebdirectory.info/page-a486892f4549a1894e36e680546704f9.html; http://www.ivegotafang.com/A/C/91.html,,,,
4-missing-from-live-list,https://achology.com/achology-home/achology-inquiries/,3,141,5.63,Page with redirect,2026-08-12T07:58:27Z,https://achology.com/achology/achology-inquiries/,https://achology.com/achology/achology-inquiries/; https://achology.com/courses/mental-health-practitioner-2020/lessons/essential-principles-for-relationship-improvement/topic/people-types-maturity-levels-and-consequences/; https://achology.com/article-categories/applied-psychology-as-a-field-of-enquiry/,,,,
4-missing-from-live-list,https://achology.com/wiser-people/directory/coach/gabriele.tzeschlock/,3,17,3.41,Crawled - currently not indexed,2026-03-17T08:52:05Z,,https://achology.com/growth-hub/directory/; https://achology.com/wiser-people/directory/,,,,
4-missing-from-live-list,https://achology.com/psychology/10-ethically-dubious-experiments/#h-introduction,2,50225,5.74,URL is unknown to Google,,,,,,,
4-missing-from-live-list,https://achology.com/mental-wellness/the-neglected-genius-of-alfred-adler-and-adlerian-psychology/#h-alfred-adler-and-adlerian-psychology,2,32503,7.77,URL is unknown to Google,,,,,,,
4-missing-from-live-list,https://achology.com/helping-people/gerard-egans-skilled-helper-model-using-the-3-stage-framework/#h-the-world-s-most-widely-used-counselling-model,2,24359,4.54,URL is unknown to Google,,,,,,,
4-missing-from-live-list,https://achology.com/psychology/burrhus-frederic-skinner-quotes/#elementor-toc__heading-anchor-1,2,15904,5.34,URL is unknown to Google,,,,,,,
4-missing-from-live-list,https://achology.com/psychology/burrhus-frederic-skinner-quotes/#elementor-toc__heading-anchor-0,2,15557,5.29,URL is unknown to Google,,,,,,,
4-missing-from-live-list,https://achology.com/general-interest/the-impact-of-the-hawthorne-studies-on-workplace-dynamics/#h-methodology-and-design,2,14869,7.06,URL is unknown to Google,,,,,,,
4-missing-from-live-list,https://achology.com/psychology/martin-seligman-and-his-contributions-to-positive-psychology/#h-introduction,2,14327,7.8,URL is unknown to Google,,,,,,,
4-missing-from-live-list,https://achology.com/psychology/jean-piagets-contributions-to-developmental-psychology/#h-schemas-assimilation-and-accommodation,2,9370,7.56,URL is unknown to Google,,,,,,,
4-missing-from-live-list,https://achology.com/psychology/21-quotes-by-abraham-maslow/#h-who-was-abraham-maslow,2,7013,6.53,URL is unknown to Google,,,,,,,
4-missing-from-live-list,https://achology.com/psychology/burrhus-frederic-skinner-quotes/#h-luck-favors-the-prepared-mind,2,6301,6.43,URL is unknown to Google,,,,,,,
4-missing-from-live-list,https://achology.com/psychology/what-is-counselling/#h-defining-counselling,2,4516,7.85,URL is unknown to Google,,,,,,,
4-missing-from-live-list,https://achology.com/psychology/what-is-counselling/#elementor-toc__heading-anchor-0,2,3378,7.68,URL is unknown to Google,,,,,,,
4-missing-from-live-list,https://achology.com/personal-growth/essential-character-traits-for-personal-growth-and-development/#h-the-importance-of-essential-character-traits,2,3344,8.74,URL is unknown to Google,,,,,,,
4-missing-from-live-list,https://achology.com/members/dashboard/,2,743,14.08,Page with redirect,2026-08-17T03:47:38Z,https://achology.com/dashboard/,https://achology.com/dashboard/,,,,
4-missing-from-live-list,https://achology.com/article-categories/achology-certification-and-accreditation/,2,734,11.25,Not found (404),2026-03-14T08:55:20Z,,https://achology.com/achology-kb/what-is-the-difference-between-achology-certification-and-cpd-accreditation/; https://achology.com/knowledge-base/,,,,
4-missing-from-live-list,https://achology.com/achology-kb/what-happens-if-i-wish-to-cancel-my-achology-membership/,2,619,4.63,Not found (404),2026-08-14T13:26:14Z,,https://achology.com/ht_kb-sitemap.xml; https://achology.com/knowledge-base/,,,,
4-missing-from-live-list,https://achology.com/achology-kb/how-do-i-get-certification-on-completion-of-my-achology-course/,2,576,16.12,URL is unknown to Google,,,,,,,
4-missing-from-live-list,https://achology.com/product/motivation-hyper-focus-and-self-efficiency-course/,2,550,10.16,URL is unknown to Google,,,,,,,
4-missing-from-live-list,https://achology.com/product/a-guide-to-business-innovation-and-entrepreneurship-course/,2,433,15.42,Crawled - currently not indexed,2026-03-06T10:23:53Z,,https://kainramsay.com/; https://achology.com/product-sitemap.xml,,,,
4-missing-from-live-list,https://achology.com/achology-kb/what-are-cips-competency-improvement-and-practice-sessions/,2,223,6.45,URL is unknown to Google,,,,,,,
4-missing-from-live-list,https://achology.com/achology-home/knowledge-hub/,2,188,16.21,Page with redirect,2026-08-26T21:16:44Z,https://achology.com/achology/knowledge-hub/,https://achology.com/achology/knowledge-hub/; https://achology.com/courses/mental-health-practitioner-2020/lessons/essential-principles-for-relationship-improvement/topic/people-types-maturity-levels-and-consequences/; https://achology.com/members/kain/,,,,
4-missing-from-live-list,https://achology.com/product/psychology-for-personal-development-course/,2,72,10.21,Page with redirect,2026-08-31T02:46:37Z,https://achology.com/product/online-psychology-diploma-course/,https://achology.com/product/online-psychology-diploma-course/; https://achology.com/product-sitemap.xml,,,,
4-missing-from-live-list,https://achology.com/tag/core-values/,2,64,28.44,Submitted and indexed,2026-06-07T19:28:23Z,https://achology.com/tag/core-values/,https://achology.com/tag/core-values/feed/,,,,
4-missing-from-live-list,https://achology.com/author/amelia-sinclair/page/2/,2,62,7.55,Submitted and indexed,2026-05-16T19:18:44Z,https://achology.com/author/amelia-sinclair/page/2/,,,,,
4-missing-from-live-list,https://achology.com/wiser-people/directory/coach/Cosmina/,2,59,10.78,Not found (404),2026-08-13T23:19:47Z,,https://achology.com/wiser-people/directory/,,,,
4-missing-from-live-list,https://achology.com/achology-kb/why-is-professional-development-important-for-mindfulness-practitioners/,2,33,15.88,Not found (404),2026-03-11T21:56:28Z,,https://achology.com/achology-kb/what-are-the-main-contributions-of-leon-festinger-to-modern-applied-psychology/; https://achology.com/knowledge-base/,,,,
4-missing-from-live-list,https://achology.com/wiser-people/directory/coach/alec.wells/,2,28,6.32,Not found (404),2026-08-14T11:11:13Z,,https://achology.com/wiser-people/directory/,,,,
4-missing-from-live-list,https://achology.com/psychology/jean-piagets-contributions-to-developmental-psychology/#h-piaget-s-contribution-to-moral-development,1,30638,7.16,URL is unknown to Google,,,,,,,
4-missing-from-live-list,https://achology.com/mental-wellness/the-neglected-genius-of-alfred-adler-and-adlerian-psychology/#h-how-mental-health-might-differ-if-adler-had-dominated,1,30371,7.89,URL is unknown to Google,,,,,,,
4-missing-from-live-list,https://achology.com/psychology/jean-piagets-contributions-to-developmental-psychology/#h-jean-piaget-early-life-and-education,1,28382,7.29,URL is unknown to Google,,,,,,,
4-missing-from-live-list,https://achology.com/mental-wellness/the-neglected-genius-of-alfred-adler-and-adlerian-psychology/#h-1-nbsp-individual-psychology,1,26529,7.84,URL is unknown to Google,,,,,,,
4-missing-from-live-list,https://achology.com/helping-people/gerard-egans-skilled-helper-model-using-the-3-stage-framework/#h-stage-2-helping-the-client-set-goals,1,16615,3.91,URL is unknown to Google,,,,,,,
4-missing-from-live-list,https://achology.com/general-interest/the-impact-of-the-hawthorne-studies-on-workplace-dynamics/#h-key-findings,1,15528,7.07,URL is unknown to Google,,,,,,,
4-missing-from-live-list,https://achology.com/general-interest/the-impact-of-the-hawthorne-studies-on-workplace-dynamics/#h-psychological-mechanisms-and-implications,1,14921,7.08,URL is unknown to Google,,,,,,,
4-missing-from-live-list,https://achology.com/psychology/exploration-of-dr-howard-gardners-nine-types-of-intelligence/#h-intelligence-1-linguistic-intelligence,1,14732,9.15,URL is unknown to Google,,,,,,,
4-missing-from-live-list,https://achology.com/psychology/10-ethically-dubious-experiments/#elementor-toc__heading-anchor-7,1,14465,5.87,URL is unknown to Google,,,,,,,
4-missing-from-live-list,https://achology.com/psychology/carl-rogers-person-centered-counseling/#h-major-theories-and-concepts,1,13748,9.37,URL is unknown to Google,,,,,,,
4-missing-from-live-list,https://achology.com/psychology/social-conformity-insights-from-the-asch-conformity-experiment/#h-key-findings,1,12048,9.17,URL is unknown to Google,,,,,,,
4-missing-from-live-list,https://achology.com/wisdom-for-life/navigating-life-with-a-sound-mind/#elementor-toc__heading-anchor-2,1,11860,9.55,URL is unknown to Google,,,,,,,
4-missing-from-live-list,https://achology.com/general-interest/exploration-of-the-split-brain-experiment-by-roger-sperry/#h-methodology-and-design,1,11851,6.64,URL is unknown to Google,,,,,,,
4-missing-from-live-list,https://achology.com/psychology/the-impact-of-freuds-defense-mechanisms-on-behavior/#h-sigmund-freud-s-defense-mechanisms,1,11800,9.38,URL is unknown to Google,,,,,,,
4-missing-from-live-list,https://achology.com/psychology/sigmund-freuds-defence-mechanisms/#elementor-toc__heading-anchor-1,1,11713,7.94,URL is unknown to Google,,,,,,,
4-missing-from-live-list,https://achology.com/general-interest/depth-perception-insights-from-the-visual-cliff-experiment/#h-methodology-and-design,1,9722,8.36,URL is unknown to Google,,,,,,,
4-missing-from-live-list,https://achology.com/psychology/the-origins-of-positive-psychology/#h-key-concepts,1,9364,7.22,URL is unknown to Google,,,,,,,
4-missing-from-live-list,https://achology.com/psychology/the-origins-of-positive-psychology/#h-introduction,1,9340,7.22,URL is unknown to Google,,,,,,,
4-missing-from-live-list,https://achology.com/wisdom-for-life/benefits-of-practical-learning-why-experience-outweighs-academic-knowledge/#elementor-toc__heading-anchor-1,1,9112,6.85,URL is unknown to Google,,,,,,,
4-missing-from-live-list,https://achology.com/general-interest/conditioning-fear-insights-from-the-little-albert-experiment/#h-key-findings,1,8896,9.83,URL is unknown to Google,,,,,,,
4-missing-from-live-list,https://achology.com/psychology/martin-seligman-and-his-contributions-to-positive-psychology/#h-the-founder-of-positive-psychology,1,8212,7.94,URL is unknown to Google,,,,,,,
4-missing-from-live-list,https://achology.com/wisdom-for-life/the-4-stages-of-human-evolution/#elementor-toc__heading-anchor-0,1,7155,8.3,URL is unknown to Google,,,,,,,
4-missing-from-live-list,https://achology.com/motivation/psychology-theories-for-motivation/#h-theory-2-self-determination-theory-sdt,1,7135,9.76,URL is unknown to Google,,,,,,,
4-missing-from-live-list,https://achology.com/wisdom-for-life/the-4-stages-of-human-evolution/#elementor-toc__heading-anchor-2,1,7125,8.3,URL is unknown to Google,,,,,,,
4-missing-from-live-list,https://achology.com/wisdom-for-life/benefits-of-practical-learning-why-experience-outweighs-academic-knowledge/#elementor-toc__heading-anchor-2,1,6766,7.26,URL is unknown to Google,,,,,,,
4-missing-from-live-list,https://achology.com/general-interest/voices-of-vulnerability-insights-from-the-monster-study-experiment/#h-key-findings,1,6279,7.26,URL is unknown to Google,,,,,,,
4-missing-from-live-list,https://achology.com/general-interest/exploration-of-the-split-brain-experiment-by-roger-sperry/#h-ethical-considerations,1,6107,6.94,URL is unknown to Google,,,,,,,
4-missing-from-live-list,https://achology.com/general-interest/voices-of-vulnerability-insights-from-the-monster-study-experiment/#h-psychological-mechanisms-and-implications,1,5867,7.32,URL is unknown to Google,,,,,,,
4-missing-from-live-list,https://achology.com/wisdom-for-life/the-road-to-character-10-lessons-from-david-brooks-classic/#h-lesson-1-focus-on-eulogy-virtues,1,5488,7.96,URL is unknown to Google,,,,,,,
4-missing-from-live-list,https://achology.com/psychology/learn-about-the-psychologist-dr-albert-ellis/#elementor-toc__heading-anchor-3,1,4960,7.52,URL is unknown to Google,,,,,,,
4-missing-from-live-list,https://achology.com/wisdom-for-life/the-4-stages-of-human-evolution/#h-stage-1-the-learning-years,1,4840,8.67,URL is unknown to Google,,,,,,,
4-missing-from-live-list,https://achology.com/general-interest/voices-of-vulnerability-insights-from-the-monster-study-experiment/#h-methodology-and-design,1,4749,7.53,URL is unknown to Google,,,,,,,
4-missing-from-live-list,https://achology.com/psychology/what-is-counselling/#h-the-origins-of-counselling,1,4361,7.85,URL is unknown to Google,,,,,,,
4-missing-from-live-list,https://achology.com/psychology/books-about-person-centred-psychology/#elementor-toc__heading-anchor-1,1,4201,6.64,URL is unknown to Google,,,,,,,
4-missing-from-live-list,https://achology.com/psychology/books-about-person-centred-psychology/#elementor-toc__heading-anchor-2,1,4136,6.63,URL is unknown to Google,,,,,,,
4-missing-from-live-list,https://achology.com/psychology/20-common-cognitive-biases-that-influence-your-decisions/#h-20-common-cognitive-biases,1,4124,7.39,URL is unknown to Google,,,,,,,
4-missing-from-live-list,https://achology.com/wisdom-for-life/ethically-questionable-insights-from-the-robbers-cave-experiment/#h-methodology-and-design,1,4089,6.3,URL is unknown to Google,,,,,,,
4-missing-from-live-list,https://achology.com/wisdom-for-life/ethically-questionable-insights-from-the-robbers-cave-experiment/#h-key-findings,1,4073,6.22,URL is unknown to Google,,,,,,,
4-missing-from-live-list,https://achology.com/psychology/learn-about-the-psychologist-dr-albert-ellis/#elementor-toc__heading-anchor-1,1,3972,7.29,URL is unknown to Google,,,,,,,
4-missing-from-live-list,https://achology.com/wisdom-for-life/skills-for-highly-effective-counseling/#h-definition-of-counselling-and-the-role-of-counsellors,1,3425,6.82,URL is unknown to Google,,,,,,,
4-missing-from-live-list,https://achology.com/psychology/how-psychological-thinking-has-transformed-over-the-years/#h-the-origins-of-psychological-thinking,1,3391,6.24,URL is unknown to Google,,,,,,,
4-missing-from-live-list,https://achology.com/general-interest/voices-of-vulnerability-insights-from-the-monster-study-experiment/#h-ethical-considerations,1,3244,6.75,URL is unknown to Google,,,,,,,
4-missing-from-live-list,https://achology.com/personal-growth/essential-character-traits-for-personal-growth-and-development/#h-resilience,1,2926,8.91,URL is unknown to Google,,,,,,,
4-missing-from-live-list,https://achology.com/motivation/the-importance-of-self-awareness-and-make-better-choices/#h-steps-to-help-you-discover-and-understand-your-core-values,1,2603,6.24,URL is unknown to Google,,,,,,,
4-missing-from-live-list,https://achology.com/wisdom-for-life/friedrich-nietzsche-valuable-lessons-from-his-life-and-works/#h-the-critique-of-conventional-morality,1,1950,10.05,URL is unknown to Google,,,,,,,
4-missing-from-live-list,https://achology.com/achology-home/academy-for-applied-psychology/curriculum/,1,1642,8.02,Page with redirect,2026-08-17T00:09:08Z,https://achology.com/achology/academy/curriculum/,https://achology.com/achology/academy/curriculum/; https://achology.com/courses/mental-health-practitioner-2020/lessons/essential-principles-for-relationship-improvement/topic/people-types-maturity-levels-and-consequences/; https://achology.com/books/the-power-of-now-a-guide-to-spiritual-enlightenment-by-eckhart-tolle/,,,,
4-missing-from-live-list,https://achology.com/mental-wellness/how-irresponsibility-leads-to-personal-disempowerment/#h-understanding-irresponsibility,1,1455,8.08,URL is unknown to Google,,,,,,,
4-missing-from-live-list,https://achology.com/positive-psychology/what-habits-are-and-why-people-get-stuck/,1,1391,5.03,Page with redirect,2026-08-12T08:43:48Z,https://achology.com/wisdom-for-life/what-habits-are-and-why-people-get-stuck/,https://achology.com/wisdom-for-life/what-habits-are-and-why-people-get-stuck/; https://achology.com/?ref=6,,,,
4-missing-from-live-list,https://achology.com/mental-wellness/how-irresponsibility-leads-to-personal-disempowerment/#h-5-perpetuation-of-negative-patterns,1,1247,8.59,URL is unknown to Google,,,,,,,
4-missing-from-live-list,https://achology.com/psychology/exploration-of-the-cognitive-maps-experiment-by-edward-tolman/#h-ethical-considerations,1,1174,9.43,URL is unknown to Google,,,,,,,
4-missing-from-live-list,https://achology.com/wisdom-for-life/a-guide-to-building-inner-resilience/#elementor-toc__heading-anchor-0,1,1100,6.38,URL is unknown to Google,,,,,,,
4-missing-from-live-list,https://achology.com/achology-kb/mission-of-the-academy-of-modern-applied-psychology/,1,1075,8.69,Not found (404),2026-07-29T17:42:17Z,,https://achology.com/article-categories/academy-of-modern-applied-psychology/page/5/; https://achology.com/achology-kb/what-happens-if-i-cancel-my-achology-membership/; https://achology.com/achology-kb/does-achology-certification-allow-me-to-practice-my-skills-on-people/,,,,
4-missing-from-live-list,https://achology.com/wisdom-for-life/essential-character-traits-for-personal-growth-and-development/,1,1034,18.62,Alternative page with proper canonical tag,2026-08-12T09:34:42Z,https://achology.com/personal-growth/essential-character-traits-for-personal-growth-and-development/,https://achology.com/personal-growth/essential-character-traits-for-personal-growth-and-development/; https://achology.com/personal-growth/the-seven-levels-of-human-awareness/?nocache=1778016204,,,,
4-missing-from-live-list,https://achology.com/wisdom-for-life/dynamics-of-leading-effective-diplomatic-discussions/#h-upgrading-your-people-skills,1,1026,9.2,URL is unknown to Google,,,,,,,
4-missing-from-live-list,https://achology.com/achology-kb/what-happens-if-i-need-to-pause-my-course-can-i-resume-it-later-2/,1,989,9.38,Not found (404),2026-03-13T15:07:31Z,,https://achology.com/achology-kb/how-can-i-study-achology-training-products-if-im-visually-impaired/; https://achology.com/achology-kb/do-i-need-any-prior-knowledge-or-qualifications-to-join-achology/,,,,
4-missing-from-live-list,https://achology.com/wisdom-for-life/dynamics-of-leading-effective-diplomatic-discussions/#elementor-toc__heading-anchor-1,1,785,9.26,URL is unknown to Google,,,,,,,
4-missing-from-live-list,https://achology.com/wisdom-for-life/exploring-the-stephen-karpman-drama-triangle/#h-lesson-3-recognize-role-switching,1,744,5.89,URL is unknown to Google,,,,,,,
4-missing-from-live-list,https://achology.com/achology-home/pricing/,1,581,10.76,Page with redirect,2026-08-12T08:46:26Z,https://achology.com/achology/pricing/,https://achology.com/achology/pricing/; https://achology.com/courses/mental-health-practitioner-2020/lessons/essential-principles-for-relationship-improvement/topic/people-types-maturity-levels-and-consequences/; https://achology.com/achology-quotes/albert-bandura-20/,,,,
4-missing-from-live-list,https://achology.com/school/the-school-of-modern-applied-mindfulness/,1,563,7.99,Crawled - currently not indexed,2026-08-14T11:52:59Z,,https://achology.com/psychology/from-roots-to-revolution-a-brief-history-of-psychologys-evolution/?nocache=1776959825; https://achology.com/school-sitemap.xml,,,,
4-missing-from-live-list,https://achology.com/psychology/achology-exploring-the-legacy-of-william-james-the-father-of-modern-psychology/#h-introducing-william-james,1,561,6.55,URL is unknown to Google,,,,,,,
4-missing-from-live-list,https://achology.com/product/ultimate-guide-to-neuro-linguistic-programming-nlp/,1,352,22.89,URL is unknown to Google,,,,,,,
4-missing-from-live-list,https://achology.com/school/the-school-of-mental-health-and-wellness/,1,305,6,Crawled - currently not indexed,2026-04-07T18:30:05Z,,https://achology.com/mental-wellness/the-neglected-genius-of-alfred-adler-and-adlerian-psychology/?nocache=1779495411; https://achology.com/school-sitemap.xml,,,,
4-missing-from-live-list,https://achology.com/achology-kb/when-was-the-academy-of-modern-applied-psychology-founded/,1,264,21.8,Not found (404),2026-03-16T14:06:12Z,,https://achology.com/knowledge-base/; https://achology.com/ht_kb-sitemap.xml,,,,
4-missing-from-live-list,https://achology.com/product/neuro-linguistic-programming-for-emotional-intelligence-course/,1,249,11.48,Crawled - currently not indexed,2026-04-10T08:47:43Z,,https://achology.com/product-category/mental-wellness-emotional-intelligence-iq/; https://achology.com/product-sitemap.xml; https://achology.com/school/the-school-of-mental-health-and-wellness/,,,,
