course_number,course_name,section_order,section_name,lesson_count
001,Diploma Course in Modern Applied Psychology (DiMAP),1,Section 1: The Foundations of Modern Applied Psychology,23
001,Diploma Course in Modern Applied Psychology (DiMAP),2,Section 2: The Behavioural School of Psychological Thinking,21
001,Diploma Course in Modern Applied Psychology (DiMAP),3,Section 3: The Psychoanalytic School of Psychological Thought,20
001,Diploma Course in Modern Applied Psychology (DiMAP),4,Section 4: The Developmental School of Psychological Thought,27
001,Diploma Course in Modern Applied Psychology (DiMAP),5,Section 5: The Cognitive School of Psychological Thought,26
001,Diploma Course in Modern Applied Psychology (DiMAP),6,Section 6: The Humanistic School of Psychological Thought,30
001,Diploma Course in Modern Applied Psychology (DiMAP),7,Section 7: The School of Social-Psychological Thought and Impact,27
001,Diploma Course in Modern Applied Psychology (DiMAP),8,Section 8: End of DMAP Course Summary and Graduation,1
002,A Beginner's Guide to Neuro-Linguistic Programming (NLP),1,SECTION 1: The Foundational Ideas of Neuro-Linguistic Programming,15
002,A Beginner's Guide to Neuro-Linguistic Programming (NLP),2,SECTION 2: An Overview of the Subjective Human Experience,12
002,A Beginner's Guide to Neuro-Linguistic Programming (NLP),3,SECTION 3: NLP Applications for Outcomes and Personal Growth,13
003,Neuro-Linguistic Programming (NLP) Practitioner Training,1,Section 1: The Foundational Ideas of Neuro-Linguistic Programming,18
003,Neuro-Linguistic Programming (NLP) Practitioner Training,2,Section 2: Neuro-Logical Insights Into the Human Experience,17
003,Neuro-Linguistic Programming (NLP) Practitioner Training,3,Section 3: Principles for Self-Awareness and Setting Future Goals,20
003,Neuro-Linguistic Programming (NLP) Practitioner Training,4,Section 4: A Practical Framework for Effective NLP Coaching,10
003,Neuro-Linguistic Programming (NLP) Practitioner Training,5,Section 5: NLP States and the Basis of Human Responses,17
003,Neuro-Linguistic Programming (NLP) Practitioner Training,6,"Section 6: Virginia Satir, Fritz Perls, and Milton H. Erickson",8
003,Neuro-Linguistic Programming (NLP) Practitioner Training,7,"Section 7: NLP Change Work: Processes, Models, and Principles",18
003,Neuro-Linguistic Programming (NLP) Practitioner Training,8,"Section 8: NLP Anchoring, Learning, and Conditioned Behaviour",13
003,Neuro-Linguistic Programming (NLP) Practitioner Training,9,Section 9: NLP Communication Skills and Language Patterns,17
003,Neuro-Linguistic Programming (NLP) Practitioner Training,10,Section 10: NLP Strategies for Increasing Self-Effectiveness,8
003,Neuro-Linguistic Programming (NLP) Practitioner Training,11,"Section 11: Core Human Values, Priorities, and Inner Alignment",8
003,Neuro-Linguistic Programming (NLP) Practitioner Training,12,Section 12: Summarising Your Learning Journey and Close,1
004,Neuro-Linguistic Programming Master Practitioner Course,1,SECTION 1: Neuro-Linguistic programming: Revisiting the Basics,24
004,Neuro-Linguistic Programming Master Practitioner Course,2,"SECTION 2: Neuro-Logical Reasoning, Evaluating Beliefs and Thinking",31
004,Neuro-Linguistic Programming Master Practitioner Course,3,"SECTION 3: NLP for Future Vision, a Life Mission, Direction and Purpose",17
004,Neuro-Linguistic Programming Master Practitioner Course,4,SECTION 4: Eliminating Mental Barriers to Life Progress and Advancement,23
004,Neuro-Linguistic Programming Master Practitioner Course,5,"SECTION 5: NLP for Personality Flexibility, Identity Growth and Authenticity",13
004,Neuro-Linguistic Programming Master Practitioner Course,6,SECTION 6: Advanced NLP Communication Skills and Language Patterns,28
004,Neuro-Linguistic Programming Master Practitioner Course,7,"SECTION 7 - NLP for Influence, Leadership, Business and Entrepreneurship",16
004,Neuro-Linguistic Programming Master Practitioner Course,8,SECTION 8: Solidifying Your Learning & Master Graduation,2
005,Mindset Mastery - The Ultimate NLP-Based Guide to Self-Discovery,1,SECTION 1: Neuro-Linguistic Programming for Increasing Self-Awareness,16
005,Mindset Mastery - The Ultimate NLP-Based Guide to Self-Discovery,2,SECTION 2: An Overview of the Subjective Human Experience,13
005,Mindset Mastery - The Ultimate NLP-Based Guide to Self-Discovery,3,SECTION 3: Applying NLP for Outcomes and Personal Growth,12
006,The CBT Toolkit - Core Principles and Real-World Applications,1,SECTION 1: The Foundational Ideas of Cognitive Behaviour Therapy,17
006,The CBT Toolkit - Core Principles and Real-World Applications,2,SECTION 2: Cognitive Behaviour Therapy for Personal Effectiveness,17
006,The CBT Toolkit - Core Principles and Real-World Applications,3,SECTION 3: Applications & Implications of Improved Self-Awareness,12
007,Cognitive Behavioural Therapy (CBT) Practitioner Course,1,Section 1: The Central Ideas of Cognitive Behaviour Therapy,17
007,Cognitive Behavioural Therapy (CBT) Practitioner Course,2,Section 2: The Psychology Behind Cognitive Behaviour Therapy,22
007,Cognitive Behavioural Therapy (CBT) Practitioner Course,3,Section 3: Cognitive Behavioural Models for Understanding People,19
007,Cognitive Behavioural Therapy (CBT) Practitioner Course,4,Section 4: The Construction of Cognition and Core Beliefs,22
007,Cognitive Behavioural Therapy (CBT) Practitioner Course,5,Section 5: Values as a Foundation for Sound Decision Making,9
007,Cognitive Behavioural Therapy (CBT) Practitioner Course,6,Section 6: Cognitive-Communication Skills and Principles,15
007,Cognitive Behavioural Therapy (CBT) Practitioner Course,7,Section 7: The Cognitive Behaviour Therapy Goal-Setting Process,15
008,Cognitive Behavioural Therapy for Mental Health and Wellness,1,SECTION 1: The Foundational Ideas of Cognitive Behavioural Therapy,19
008,Cognitive Behavioural Therapy for Mental Health and Wellness,2,SECTION 2: Cognitive Behaviour Principles for Active Self-Managemen,18
008,Cognitive Behavioural Therapy for Mental Health and Wellness,3,SECTION 3: Practical Applications and Implications of Heightened Self-Awareness,15
009,Life Coaching Certificate Course (Beginner to Advanced),1,SECTION ONE: The Foundational Principles of Life Coaching,23
009,Life Coaching Certificate Course (Beginner to Advanced),2,SECTION TWO: Awareness and the Pre-requisites of Growth,17
009,Life Coaching Certificate Course (Beginner to Advanced),3,SECTION 3: According to the Pattern of Human Behaviour,20
009,Life Coaching Certificate Course (Beginner to Advanced),4,SECTION FOUR: Coaching Breakthrough Sessions,12
009,Life Coaching Certificate Course (Beginner to Advanced),5,SECTION FIVE: The Values and Motivations for Decision Making,14
009,Life Coaching Certificate Course (Beginner to Advanced),6,SECTION SIX: Communication Skills and People Principles,21
009,Life Coaching Certificate Course (Beginner to Advanced),7,SECTION 7: Goal Setting for Action Taking & Results,15
010,Life Coaching Blueprint - The Complete Process and Practices,1,Section 1: Fundamental Principles and History of Life Coaching,15
010,Life Coaching Blueprint - The Complete Process and Practices,2,Section 2: The Prerequisites of Self-Awareness and Growth,34
010,Life Coaching Blueprint - The Complete Process and Practices,3,Section 3: Coaching Styles and Principles of Effective Coaching,11
010,Life Coaching Blueprint - The Complete Process and Practices,4,Section 4: Overcoming Limiting Self-Beliefs and Convictions,15
010,Life Coaching Blueprint - The Complete Process and Practices,5,Section 5: The Core Values and Priority Framework,14
010,Life Coaching Blueprint - The Complete Process and Practices,6,Section 6: Core Communication Skills and Language Patterns,19
010,Life Coaching Blueprint - The Complete Process and Practices,7,"Section 7: Goal Setting, Action Planning and Life Progression",17
010,Life Coaching Blueprint - The Complete Process and Practices,8,Section 8: End of Course Summary and Suggested Next Steps,9
011,The Skilled Helper Training Course (with Prof. Gerard Egan),1,Section 1: Meet Gerard Egan and his Skilled Helper Model,13
011,The Skilled Helper Training Course (with Prof. Gerard Egan),2,Section 2: Learning how to Apply the Skilled-Helper Model,15
012,Skilled Helper Practitioner Course (Advanced to Expert),1,Introducing the Skilled Helper Practitioner Course,49
012,Skilled Helper Practitioner Course (Advanced to Expert),,,2
013,Hypnotherapy Practitioner Course (Beginner to Advanced),1,Section 1: The Fundamentals and History of Hypnotherapy,15
013,Hypnotherapy Practitioner Course (Beginner to Advanced),2,Section 2: An Investigation of the Human Experience,16
013,Hypnotherapy Practitioner Course (Beginner to Advanced),3,Section 3: The Hypnotic Induction Process and Methods,15
013,Hypnotherapy Practitioner Course (Beginner to Advanced),4,Section 4: Essential Hypno-Therapeutic Communication Skills,27
013,Hypnotherapy Practitioner Course (Beginner to Advanced),5,Section 5: Hypnotherapy Change Work Principles and Methods,18
013,Hypnotherapy Practitioner Course (Beginner to Advanced),6,Section 6: Hypnotherapy in Action: The Demonstrations Section,14
013,Hypnotherapy Practitioner Course (Beginner to Advanced),7,Section 7: Indirect Induction and Use of Metaphoric Storytelling,11
013,Hypnotherapy Practitioner Course (Beginner to Advanced),8,Section 8: End of Course Summary and Suggested Next Steps,2
014,Counselling Skills Practitioner Course (Beginner to Advanced),1,The Foundations of Person-Centred Counselling,16
014,Counselling Skills Practitioner Course (Beginner to Advanced),2,An Investigation of the Human Condition,29
014,Counselling Skills Practitioner Course (Beginner to Advanced),3,"Counselling Frameworks, Standards and Self-Reflection",18
014,Counselling Skills Practitioner Course (Beginner to Advanced),4,Philosophy and Principles of Counselling Psychology,35
014,Counselling Skills Practitioner Course (Beginner to Advanced),5,Counselling Skills and the Skilled Helper Model,42
014,Counselling Skills Practitioner Course (Beginner to Advanced),6,Demonstration Section: The Counselling Process in Action,33
014,Counselling Skills Practitioner Course (Beginner to Advanced),7,Completion of Course Review and Graduation,3
015,Mindfulness Practitioner Diploma Course (Beginner to Expert),1,SECTION 1: The Foundational Principles of Mindfulness,21
015,Mindfulness Practitioner Diploma Course (Beginner to Expert),2,Section 2: Mindfulness for Self-Awareness and Perceptiveness,28
015,Mindfulness Practitioner Diploma Course (Beginner to Expert),3,Section 3: Mindfulness for Self-Discipline & Personal Growth,24
015,Mindfulness Practitioner Diploma Course (Beginner to Expert),4,Section 4 - Mindfulness from an Applied Psychology Perspective,26
015,Mindfulness Practitioner Diploma Course (Beginner to Expert),5,SECTION 5: Mindfulness for Social & Relational Awareness,25
016,"Mindfulness for Mental Health, Personal Growth and Inner Peace",1,"Section 1: The Essential Foundations for Mindfulness, Self-Awareness and Personal Growth.",17
016,"Mindfulness for Mental Health, Personal Growth and Inner Peace",2,"SECTION 2: Mindfulness for Heightened Awareness, Accurate Self-Identification and Growth",20
016,"Mindfulness for Mental Health, Personal Growth and Inner Peace",3,SECTION 3: Mindfulness for Personal Effectiveness and Wise Decision Making,15
017,Mindfulness for Highly Efficient Management and Leadership,1,SECTION 1: The Foundations of Mindfulness & Self-Awareness,18
017,Mindfulness for Highly Efficient Management and Leadership,2,SECTION 2: Mindfulness Principles for Personal Growth & Effectiveness,18
017,Mindfulness for Highly Efficient Management and Leadership,3,"SECTION 3: Social Awareness, People Skills & Influence",11
018,Mental Health and Wellbeing Practitioner Diploma Course,1,SECTION 1: An Overview of the Human Experience,22
018,Mental Health and Wellbeing Practitioner Diploma Course,2,SECTION 2: Foundations for Positive Mental Health,21
018,Mental Health and Wellbeing Practitioner Diploma Course,3,SECTION 3: The Psychology of Positive Mental Health,27
018,Mental Health and Wellbeing Practitioner Diploma Course,4,SECTION 4: How to Bring Out the Best in People,15
018,Mental Health and Wellbeing Practitioner Diploma Course,5,SECTION 5: Essential Principles for Relationship Improvement,21
018,Mental Health and Wellbeing Practitioner Diploma Course,6,SECTION 6: The Practicalities of Positively Influencing Others,17
018,Mental Health and Wellbeing Practitioner Diploma Course,7,"SECTION 7: A Model for Leading, Coaching and Mentoring",7
019,"The Self-Belief, Emotional Intelligence and Assertiveness Masterclass",1,SECTION ONE: The Essential Principles of Personal Growth & Development,16
019,"The Self-Belief, Emotional Intelligence and Assertiveness Masterclass",2,SECTION 2: Developing an Understanding of the Human Experience,13
019,"The Self-Belief, Emotional Intelligence and Assertiveness Masterclass",3,SECTION 3: Building a Basis for Powerful Thinking and Assertiveness,13
020,"Authentic Confidence, Core Identity and Self-Esteem Masterclass",1,SECTION ONE: The Essential Principles of Personal Growth & Development,17
020,"Authentic Confidence, Core Identity and Self-Esteem Masterclass",2,"SECTION TWO: Mindset, Cognition and a Basis for Authentic Confidence",17
020,"Authentic Confidence, Core Identity and Self-Esteem Masterclass",3,SECTION THREE: The Psychology of Positive Mental Health,11
021,Master Your Emotional IQ and Revolutionise Your Social Skills,1,SECTION 1: Self-Awareness as a Basis for all Self-Improvement,15
021,Master Your Emotional IQ and Revolutionise Your Social Skills,2,SECTION 2: Self Discipline as a Basis for all Social Effectiveness,14
021,Master Your Emotional IQ and Revolutionise Your Social Skills,3,SECTION 3: Fundamental Relationship Principles and People/Social Skills,14
022,"The Clarity, Purpose and Personal Effectiveness Masterclass",1,SECTION ONE: Creating the Foundations for a Purpose-Driven Life,16
022,"The Clarity, Purpose and Personal Effectiveness Masterclass",2,SECTION TWO: Sustainable Foundations for Value-Based Goal Setting,15
023,The Strategic Goal Setting and Action Planning Masterclass,1,SECTION ONE: Attitude and Mindset as a Basis for Effective Goal Setting,10
023,The Strategic Goal Setting and Action Planning Masterclass,2,SECTION TWO: Defining a Meaningful Vision for Maximum Personal Effectiveness,9
023,The Strategic Goal Setting and Action Planning Masterclass,3,"SECTION THREE: The Process of Turning Ideas Into Goals, and Goals Into a Reality",9
024,The Communication Skills and Social Intelligence Masterclass,1,Essentials Principles for Activating Social Intelligence,17
024,The Communication Skills and Social Intelligence Masterclass,2,Getting to the Heart of Effective Communication,21
024,The Communication Skills and Social Intelligence Masterclass,3,Language Patterns and Communicating for Influence and Impact,11
025,"The Hyper-Focus, Self-Discipline and Productivity Masterclass",1,The Foundations of Self Discipline and Mind Management,17
025,"The Hyper-Focus, Self-Discipline and Productivity Masterclass",2,The Practicalities of Wise and Disciplined Decision Making,18
026,The Complete Mental Toughness and Inner Resilience Masterclass,1,The Building Blocks of Self Discipline and Mind Management,14
026,The Complete Mental Toughness and Inner Resilience Masterclass,2,A Basis for Structured and Sensible Thinking,13
026,The Complete Mental Toughness and Inner Resilience Masterclass,3,The Application of Wise and Disciplined Decision Making,9
027,An Essential Guide to Healthy Marriage and Long-Term Relationships,1,An Essential Guide to Healthy Marriage and Long-Term Relationships,23
028,An Entrepreneurs' Guide to Launching and Growing a New Business,1,SECTION 1: The Fundamentals of Innovative Entrepreneurship,16
028,An Entrepreneurs' Guide to Launching and Growing a New Business,2,"SECTION 2: Leadership, Motivation and Purpose-Driven Goals",17
028,An Entrepreneurs' Guide to Launching and Growing a New Business,3,SECTION 3: The Practicalities of Business and Entrepreneurship,17
