url,http,title_len,desc_len,canonical,og_image,robots,schema_types,h1,imgs,imgs_no_alt,title
https://achologytest.com/about/code-of-ethics/,200,58,148,,yes,"nofollow, noindex","AboutPage,BreadcrumbList,ListItem",1,13,2,The Code Of Ethics For Practitioners Of Applied Psychology
https://achologytest.com/about/manifesto/,200,55,138,,yes,"nofollow, noindex","AboutPage,BreadcrumbList,ListItem",1,13,1,Achology Manifesto: The Standard Our Community Lives By
https://achologytest.com/about/instructors/jackson-hartley/,200,59,140,,yes,"nofollow, noindex","BreadcrumbList,ListItem,Organization,Person",1,11,0,Jackson P. Hartley | Course Questions Copywriter | Achology
https://achologytest.com/about/instructors/isabella-whitmore/,200,61,140,,yes,"nofollow, noindex","BreadcrumbList,ListItem,Organization,Person",1,11,0,Isabella S. Whitmore | TAYA Copywriting Specialist | Achology
https://achologytest.com/about/instructors/frederick-martin/,200,61,145,,yes,"nofollow, noindex","BreadcrumbList,ListItem,Organization,Person",1,11,0,Frederick S. Martín | Content Lead For Wise Quotes | Achology
https://achologytest.com/about/instructors/evelyn-montgomery/,200,58,147,,yes,"nofollow, noindex","BreadcrumbList,ListItem,Organization,Person",1,11,0,Evelyn Montgomery | Content Writer For Articles | Achology
https://achologytest.com/about/instructors/declan-fitzpatrick/,200,67,145,,yes,"nofollow, noindex","BreadcrumbList,ListItem,Organization,Person",1,11,0,Declan Fitzpatrick | Copywriter For Articles And Content | Achology
https://achologytest.com/about/instructors/charlotte-avery/,200,64,147,,yes,"nofollow, noindex","BreadcrumbList,ListItem,Organization,Person",1,11,0,Charlotte J. Avery | Research Copywriter For Articles | Achology
https://achologytest.com/about/instructors/benjamin-lockwood/,200,61,146,,yes,"nofollow, noindex","BreadcrumbList,ListItem,Organization,Person",1,11,0,Benjamin Lockwood | Lead For Book Research Content | Achology
https://achologytest.com/about/instructors/amelia-sinclair/,200,48,144,,yes,"nofollow, noindex","BreadcrumbList,ListItem,Organization,Person",1,11,0,Amelia A. Sinclair | Editor-in-Chief At Achology
https://achologytest.com/about/instructors/gerard-egan/,200,53,139,,yes,"nofollow, noindex","BreadcrumbList,ListItem,Organization,Person",1,11,0,Prof. Gerard Egan | Instructor At Achology And Author
https://achologytest.com/about/instructors/kain-ramsay/,200,54,142,,yes,"nofollow, noindex","BreadcrumbList,ListItem,Organization,Person",1,11,0,Kain Ramsay | CTO And Curriculum Architect At Achology
https://achologytest.com/about/,200,51,147,,yes,"nofollow, noindex","AboutPage,EducationalOrganization,WebSite",1,17,0,About Achology: What We Teach And What We Stand For
https://achologytest.com/about/instructors/,200,59,144,,yes,"nofollow, noindex","BreadcrumbList,ListItem",1,22,0,Our People | The Instructors And Editorial Team At Achology
https://achologytest.com/policies/accessibility-statement/,200,34,148,,yes,"nofollow, noindex","BreadcrumbList,ListItem,WebPage",1,10,0,Accessibility Statement | Achology
https://achologytest.com/policies/disclaimers/,200,48,135,,yes,"nofollow, noindex","BreadcrumbList,ListItem,WebPage",1,10,0,Disclaimers | Important Legal Notices | Achology
https://achologytest.com/policies/trust-statement/,200,50,143,,yes,"nofollow, noindex","BreadcrumbList,ListItem,WebPage",1,10,0,Trust Statement | Our Commitment To You | Achology
https://achologytest.com/policies/refund-policy/,200,47,122,,yes,"nofollow, noindex","BreadcrumbList,ListItem,WebPage",1,10,0,Refund Policy | Achology Courses And Membership
https://achologytest.com/policies/cookie-policy/,200,41,129,,yes,"nofollow, noindex","BreadcrumbList,ListItem,WebPage",1,10,0,Cookie Policy | How Achology Uses Cookies
https://achologytest.com/policies/terms-and-conditions/,200,31,146,,yes,"nofollow, noindex","BreadcrumbList,ListItem,WebPage",1,10,0,Terms And Conditions | Achology
https://achologytest.com/policies/privacy-policy/,200,47,148,,yes,"nofollow, noindex","BreadcrumbList,ListItem,WebPage",1,10,0,Privacy Policy | How Achology Handles Your Data
https://achologytest.com/policies/,200,41,147,,yes,"nofollow, noindex",NONE,1,10,0,Policies And Legal Information | Achology
https://achologytest.com/help/,200,33,146,,yes,"nofollow, noindex","BreadcrumbList,CollectionPage,EducationalOrganization,ListItem,WebSite",1,10,0,FAQ Articles | Achology TEST Site
https://achologytest.com/help/achology-basics-and-identity/,200,58,173,,yes,"nofollow, noindex","BreadcrumbList,CollectionPage,EducationalOrganization,ListItem,WebSite",1,10,0,About Achology: Our Identity Archives | Achology TEST Site
https://achologytest.com/help/certificates-cpd-accreditation/,200,60,171,,yes,"nofollow, noindex","BreadcrumbList,CollectionPage,EducationalOrganization,ListItem,WebSite",1,10,0,Certificates And Accreditation Archives | Achology TEST Site
https://achologytest.com/help/community-and-conduct/,200,61,168,,yes,"nofollow, noindex","BreadcrumbList,CollectionPage,EducationalOrganization,ListItem,WebSite",1,10,0,"Community, Culture, And Conduct Archives | Achology TEST Site"
https://achologytest.com/help/comparisons-and-alternatives/,200,58,170,,yes,"nofollow, noindex","BreadcrumbList,CollectionPage,EducationalOrganization,ListItem,WebSite",1,10,0,Comparisons And Alternatives Archives | Achology TEST Site
https://achologytest.com/help/curriculum-and-subjects/,200,61,165,,yes,"nofollow, noindex","BreadcrumbList,CollectionPage,EducationalOrganization,ListItem,WebSite",1,10,0,Curriculum And Subject Coverage Archives | Achology TEST Site
https://achologytest.com/help/events-and-mentorship/,200,62,177,,yes,"nofollow, noindex","BreadcrumbList,CollectionPage,EducationalOrganization,ListItem,WebSite",1,10,0,"Events, Mentorship, And Practice Archives | Achology TEST Site"
https://achologytest.com/help/getting-started/,200,62,171,,yes,"nofollow, noindex","BreadcrumbList,CollectionPage,EducationalOrganization,ListItem,WebSite",1,10,0,Getting Started: Choosing A Path Archives | Achology TEST Site
https://achologytest.com/help/membership-and-access/,200,59,168,,yes,"nofollow, noindex","BreadcrumbList,CollectionPage,EducationalOrganization,ListItem,WebSite",1,10,0,"Membership, Access, And Plans Archives | Achology TEST Site"
https://achologytest.com/help/outcomes-and-expectations/,200,55,180,,yes,"nofollow, noindex","BreadcrumbList,CollectionPage,EducationalOrganization,ListItem,WebSite",1,10,0,Outcomes And Expectations Archives | Achology TEST Site
https://achologytest.com/help/partnerships-and-press/,200,65,166,,yes,"nofollow, noindex","BreadcrumbList,CollectionPage,EducationalOrganization,ListItem,WebSite",1,10,0,"Partnerships, Affiliates, And Press Archives | Achology TEST Site"
https://achologytest.com/help/pricing-and-payments/,200,62,166,,yes,"nofollow, noindex","BreadcrumbList,CollectionPage,EducationalOrganization,ListItem,WebSite",1,10,0,"Pricing, Payments, And Discounts Archives | Achology TEST Site"
https://achologytest.com/help/privacy-and-legal/,200,64,165,,yes,"nofollow, noindex","BreadcrumbList,CollectionPage,EducationalOrganization,ListItem,WebSite",1,10,0,"Privacy, Data, Security, And Legal Archives | Achology TEST Site"
https://achologytest.com/help/refunds-and-billing/,200,65,170,,yes,"nofollow, noindex","BreadcrumbList,CollectionPage,EducationalOrganization,ListItem,WebSite",1,10,0,"Refunds, Cancellations, And Billing Archives | Achology TEST Site"
https://achologytest.com/help/technical-help/,200,64,168,,yes,"nofollow, noindex","BreadcrumbList,CollectionPage,EducationalOrganization,ListItem,WebSite",1,10,0,Technical Help And Troubleshooting Archives | Achology TEST Site
https://achologytest.com/help/learning-experience/,200,62,176,,yes,"nofollow, noindex","BreadcrumbList,CollectionPage,EducationalOrganization,ListItem,WebSite",1,10,0,The Achology Learning Experience Archives | Achology TEST Site
https://achologytest.com/help/partnerships-and-press/using-achology-content-branding-materials/,200,48,144,,yes,"nofollow, noindex","Answer,BreadcrumbList,FAQPage,ListItem,Question,SpeakableSpecification",1,11,0,Using Achology Content Or Branding|Achology Help
https://achologytest.com/help/partnerships-and-press/achology-media-press-interview-requests/,200,38,123,,yes,"nofollow, noindex","Answer,BreadcrumbList,FAQPage,ListItem,Question,SpeakableSpecification",1,11,0,Press And Media Requests|Achology Help
https://achologytest.com/help/partnerships-and-press/become-an-achology-affiliate/,200,46,147,,yes,"nofollow, noindex","Answer,BreadcrumbList,FAQPage,ListItem,Question,SpeakableSpecification",1,11,0,The Achology Affiliate Programme|Achology Help
https://achologytest.com/help/partnerships-and-press/become-instructor-contribute-content-achology/,200,63,146,,yes,"nofollow, noindex","Answer,BreadcrumbList,FAQPage,ListItem,Question,SpeakableSpecification",1,11,0,Becoming An Instructor Or Contributor At Achology|Achology Help
https://achologytest.com/help/partnerships-and-press/does-achology-offer-partnerships-collaborations/,200,59,139,,yes,"nofollow, noindex","Answer,BreadcrumbList,FAQPage,ListItem,Question,SpeakableSpecification",1,11,0,Partnerships And Collaborations With Achology|Achology Help
https://achologytest.com/learn/psychology/articles/the-power-of-self-awareness-in-personal-growth-test/,200,74,151,,yes,"nofollow, noindex","Article,BreadcrumbList,EducationalOrganization,ImageObject,ListItem,Person,WebPage,WebSite",1,12,0,The Power Of Self-Awareness In Personal Growth (TEST) | Achology TEST Site
