url,kind,status,rendering_template,template_source,note
https://achologytest.com/about/code-of-ethics/,page,publish,template-policy.php,REST (assigned),
https://achologytest.com/about/manifesto/,page,publish,template-policy.php,REST (assigned),
https://achologytest.com/about/instructors/jackson-hartley/,page,publish,template-author-profile.php,REST (assigned),
https://achologytest.com/about/instructors/isabella-whitmore/,page,publish,template-author-profile.php,REST (assigned),
https://achologytest.com/about/instructors/frederick-martin/,page,publish,template-author-profile.php,REST (assigned),
https://achologytest.com/about/instructors/evelyn-montgomery/,page,publish,template-author-profile.php,REST (assigned),
https://achologytest.com/about/instructors/declan-fitzpatrick/,page,publish,template-author-profile.php,REST (assigned),
https://achologytest.com/about/instructors/charlotte-avery/,page,publish,template-author-profile.php,REST (assigned),
https://achologytest.com/about/instructors/benjamin-lockwood/,page,publish,template-author-profile.php,REST (assigned),
https://achologytest.com/about/instructors/amelia-sinclair/,page,publish,template-author-profile.php,REST (assigned),
https://achologytest.com/about/instructors/gerard-egan/,page,publish,template-author-profile.php,REST (assigned),
https://achologytest.com/about/instructors/kain-ramsay/,page,publish,template-author-profile.php,REST (assigned),
https://achologytest.com/about/,page,publish,page-about.php,derived,
https://achologytest.com/about/instructors/,page,publish,template-our-people.php,REST (assigned),
https://achologytest.com/policies/accessibility-statement/,page,publish,template-policy.php,REST (assigned),
https://achologytest.com/policies/disclaimers/,page,publish,template-policy.php,REST (assigned),
https://achologytest.com/policies/trust-statement/,page,publish,template-policy.php,REST (assigned),
https://achologytest.com/policies/refund-policy/,page,publish,template-policy.php,REST (assigned),
https://achologytest.com/policies/cookie-policy/,page,publish,template-policy.php,REST (assigned),
https://achologytest.com/policies/terms-and-conditions/,page,publish,template-policy.php,REST (assigned),
https://achologytest.com/policies/privacy-policy/,page,publish,template-policy.php,REST (assigned),
https://achologytest.com/policies/,page,publish,template-policies-index.php,REST (assigned),
https://achologytest.com/help/partnerships-and-press/using-achology-content-branding-materials/,faq_article,publish,single-faq_article.php,derived,
https://achologytest.com/help/partnerships-and-press/achology-media-press-interview-requests/,faq_article,publish,single-faq_article.php,derived,
https://achologytest.com/help/partnerships-and-press/become-an-achology-affiliate/,faq_article,publish,single-faq_article.php,derived,
https://achologytest.com/help/partnerships-and-press/become-instructor-contribute-content-achology/,faq_article,publish,single-faq_article.php,derived,
https://achologytest.com/help/partnerships-and-press/does-achology-offer-partnerships-collaborations/,faq_article,publish,single-faq_article.php,derived,
https://achologytest.com/help/curriculum-and-subjects/achology-courses-other-languages/,faq_article,publish,single-faq_article.php,derived,
https://achologytest.com/help/curriculum-and-subjects/seven-schools-achology-curriculum-explained/,faq_article,publish,single-faq_article.php,derived,
https://achologytest.com/help/community-and-conduct/achology-discussion-boundary-feels-unsafe/,faq_article,publish,single-faq_article.php,derived,
https://achologytest.com/help/community-and-conduct/achology-community-rules-moderation/,faq_article,publish,single-faq_article.php,derived,
https://achologytest.com/help/community-and-conduct/find-achology-members-similar-interests/,faq_article,publish,single-faq_article.php,derived,
https://achologytest.com/help/community-and-conduct/ask-questions-achology-community/,faq_article,publish,single-faq_article.php,derived,
https://achologytest.com/help/community-and-conduct/achology-peer-learning-culture/,faq_article,publish,single-faq_article.php,derived,
https://achologytest.com/help/community-and-conduct/achology-disagreement-open-discussion/,faq_article,publish,single-faq_article.php,derived,
https://achologytest.com/help/getting-started/navigate-achology-community-guide/,faq_article,publish,single-faq_article.php,derived,
https://achologytest.com/help/getting-started/homework-assessment-achology-courses/,faq_article,publish,single-faq_article.php,derived,
https://achologytest.com/help/getting-started/prior-qualifications-needed-achology/,faq_article,publish,single-faq_article.php,derived,
https://achologytest.com/help/getting-started/achology-course-order-sequence/,faq_article,publish,single-faq_article.php,derived,
https://achologytest.com/help/getting-started/overwhelmed-by-achology-options/,faq_article,publish,single-faq_article.php,derived,
https://achologytest.com/help/getting-started/first-course-complete-beginner/,faq_article,publish,single-faq_article.php,derived,
https://achologytest.com/help/getting-started/membership-first-or-course-first/,faq_article,publish,single-faq_article.php,derived,
https://achologytest.com/help/getting-started/where-should-i-start-with-achology/,faq_article,publish,single-faq_article.php,derived,
https://achologytest.com/help/getting-started/is-achology-suitable-for-beginners/,faq_article,publish,single-faq_article.php,derived,
https://achologytest.com/help/privacy-and-legal/guest-speakers-policy/,faq_article,publish,single-faq_article.php,derived,
https://achologytest.com/help/privacy-and-legal/achology-copyright-sharing-course-content/,faq_article,publish,single-faq_article.php,derived,
https://achologytest.com/help/privacy-and-legal/achology-course-piracy-copyright/,faq_article,publish,single-faq_article.php,derived,
https://achologytest.com/help/privacy-and-legal/share-my-achology-account-login/,faq_article,publish,single-faq_article.php,derived,
https://achologytest.com/help/privacy-and-legal/achology-responsible-community-member-advice/,faq_article,publish,single-faq_article.php,derived,
https://achologytest.com/help/privacy-and-legal/achology-trust-legal-policies-work-together/,faq_article,publish,single-faq_article.php,derived,
https://achologytest.com/help/privacy-and-legal/achology-updates-course-already-purchased/,faq_article,publish,single-faq_article.php,derived,
https://achologytest.com/help/privacy-and-legal/what-law-governs-achology-terms/,faq_article,publish,single-faq_article.php,derived,
https://achologytest.com/help/privacy-and-legal/achology-customer-legal-rights-uk-consumer-law/,faq_article,publish,single-faq_article.php,derived,
https://achologytest.com/help/privacy-and-legal/achology-automated-decision-making-profiling/,faq_article,publish,single-faq_article.php,derived,
https://achologytest.com/help/privacy-and-legal/delete-achology-account-and-data/,faq_article,publish,single-faq_article.php,derived,
https://achologytest.com/help/privacy-and-legal/how-long-achology-keeps-personal-data/,faq_article,publish,single-faq_article.php,derived,
https://achologytest.com/help/privacy-and-legal/who-does-achology-share-personal-data-with/,faq_article,publish,single-faq_article.php,derived,
https://achologytest.com/help/privacy-and-legal/does-achology-sell-personal-data/,faq_article,publish,single-faq_article.php,derived,
https://achologytest.com/help/privacy-and-legal/what-personal-data-achology-collects/,faq_article,publish,single-faq_article.php,derived,
https://achologytest.com/help/technical-help/find-achology-course-resources/,faq_article,publish,single-faq_article.php,derived,
https://achologytest.com/help/technical-help/direct-message-achology-members/,faq_article,publish,single-faq_article.php,derived,
https://achologytest.com/help/technical-help/create-posts-achology-community/,faq_article,publish,single-faq_article.php,derived,
https://achologytest.com/help/technical-help/manage-achology-community-notifications/,faq_article,publish,single-faq_article.php,derived,
https://achologytest.com/help/technical-help/set-up-achology-community-profile/,faq_article,publish,single-faq_article.php,derived,
https://achologytest.com/help/technical-help/download-achology-community-app/,faq_article,publish,single-faq_article.php,derived,
https://achologytest.com/help/technical-help/what-is-circle-achology-community/,faq_article,publish,single-faq_article.php,derived,
https://achologytest.com/help/technical-help/how-to-join-live-achology-community-event/,faq_article,publish,single-faq_article.php,derived,
https://achologytest.com/help/technical-help/how-to-contact-achology-support/,faq_article,publish,single-faq_article.php,derived,
https://achologytest.com/help/technical-help/best-browsers-devices-achology-community/,faq_article,publish,single-faq_article.php,derived,
https://achologytest.com/help/technical-help/what-to-include-achology-support-request/,faq_article,publish,single-faq_article.php,derived,
https://achologytest.com/help/technical-help/achology-invite-link-not-working/,faq_article,publish,single-faq_article.php,derived,
https://achologytest.com/help/technical-help/cant-see-achology-course-space-community/,faq_article,publish,single-faq_article.php,derived,
https://achologytest.com/help/technical-help/cant-send-receive-messages-achology-community/,faq_article,publish,single-faq_article.php,derived,
https://achologytest.com/help/technical-help/fix-audio-video-achology-live-sessions/,faq_article,publish,single-faq_article.php,derived,
https://achologytest.com/help/technical-help/fix-achology-community-notification-problems/,faq_article,publish,single-faq_article.php,derived,
https://achologytest.com/help/technical-help/achology-password-reset-email-not-arriving/,faq_article,publish,single-faq_article.php,derived,
https://achologytest.com/help/technical-help/cant-log-in-achology-community/,faq_article,publish,single-faq_article.php,derived,
https://achologytest.com/help/technical-help/downloading-achology-content/,faq_article,publish,single-faq_article.php,derived,
https://achologytest.com/help/events-and-mentorship/rsvp-join-achology-live-events/,faq_article,publish,single-faq_article.php,derived,
https://achologytest.com/help/events-and-mentorship/become-a-master-achologist/,faq_article,publish,single-faq_article.php,derived,
https://achologytest.com/help/events-and-mentorship/achology-members-host-workshops-events/,faq_article,publish,single-faq_article.php,derived,
https://achologytest.com/help/events-and-mentorship/achology-certification-practice-competence/,faq_article,publish,single-faq_article.php,derived,
https://achologytest.com/help/events-and-mentorship/build-real-competence-achology/,faq_article,publish,single-faq_article.php,derived,
https://achologytest.com/help/events-and-mentorship/achology-recommended-practice-pathway/,faq_article,publish,single-faq_article.php,derived,
https://achologytest.com/help/events-and-mentorship/achology-course-required-attend-workshops/,faq_article,publish,single-faq_article.php,derived,
https://achologytest.com/help/events-and-mentorship/choose-right-achology-event-level/,faq_article,publish,single-faq_article.php,derived,
https://achologytest.com/help/events-and-mentorship/achology-coaching-competency-review-sessions/,faq_article,publish,single-faq_article.php,derived,
https://achologytest.com/help/events-and-mentorship/achology-skill-development-workshops/,faq_article,publish,single-faq_article.php,derived,
https://achologytest.com/help/events-and-mentorship/achologist-led-tutorials-alts/,faq_article,publish,single-faq_article.php,derived,
https://achologytest.com/help/events-and-mentorship/achology-live-events-types/,faq_article,publish,single-faq_article.php,derived,
https://achologytest.com/help/events-and-mentorship/achology-case-study-discussion-groups/,faq_article,publish,single-faq_article.php,derived,
https://achologytest.com/help/events-and-mentorship/achology-discussion-spaces-groups-events/,faq_article,publish,single-faq_article.php,derived,
https://achologytest.com/help/events-and-mentorship/how-to-participate-achology-discussions-events/,faq_article,publish,single-faq_article.php,derived,
https://achologytest.com/help/events-and-mentorship/achology-membership-free-coaching-included/,faq_article,publish,single-faq_article.php,derived,
https://achologytest.com/help/events-and-mentorship/get-value-achology-mentorship-sessions/,faq_article,publish,single-faq_article.php,derived,
https://achologytest.com/help/events-and-mentorship/mentorship-sessions-recorded-achology/,faq_article,publish,single-faq_article.php,derived,
https://achologytest.com/help/events-and-mentorship/achology-mentorship-vs-coaching-difference/,faq_article,publish,single-faq_article.php,derived,
https://achologytest.com/help/events-and-mentorship/mentoring-opportunities-achology-membership/,faq_article,publish,single-faq_article.php,derived,
https://achologytest.com/help/pricing-and-payments/pay-instalments-achology-courses/,faq_article,publish,single-faq_article.php,derived,
https://achologytest.com/help/learning-experience/is-achology-right-emotionally-vulnerable/,faq_article,publish,single-faq_article.php,derived,
https://achologytest.com/help/learning-experience/completed-achology-course-nothing-changed/,faq_article,publish,single-faq_article.php,derived,
https://achologytest.com/help/learning-experience/achology-content-offensive-emotionally-challenging/,faq_article,publish,single-faq_article.php,derived,
https://achologytest.com/help/learning-experience/achology-live-practice-session-etiquette/,faq_article,publish,single-faq_article.php,derived,
https://achologytest.com/help/learning-experience/slow-deep-learning-rejects-fast-certification/,faq_article,publish,single-faq_article.php,derived,
https://achologytest.com/help/learning-experience/achology-peer-learning-community-teaches/,faq_article,publish,single-faq_article.php,derived,
https://achologytest.com/help/learning-experience/study-multiple-achology-courses-simultaneously/,faq_article,publish,single-faq_article.php,derived,
https://achologytest.com/help/learning-experience/revisit-achology-courses-after-completion/,faq_article,publish,single-faq_article.php,derived,
https://achologytest.com/help/learning-experience/masterclasses-vs-practitioner-courses-differences/,faq_article,publish,single-faq_article.php,derived,
https://achologytest.com/help/learning-experience/achology-course-prerequisites-requirements/,faq_article,publish,single-faq_article.php,derived,
https://achologytest.com/help/learning-experience/inside-achology-course-modules-breakdown/,faq_article,publish,single-faq_article.php,derived,
https://achologytest.com/help/learning-experience/how-achology-courses-work-self-paced/,faq_article,publish,single-faq_article.php,derived,
https://achologytest.com/help/learning-experience/download-achology-course-materials/,faq_article,publish,single-faq_article.php,derived,
https://achologytest.com/help/learning-experience/how-long-achology-courses-take-timelines/,faq_article,publish,single-faq_article.php,derived,
https://achologytest.com/help/outcomes-and-expectations/how-much-do-achology-coaches-earn/,faq_article,publish,single-faq_article.php,derived,
https://achologytest.com/help/outcomes-and-expectations/achology-career-change-coaching-mentoring/,faq_article,publish,single-faq_article.php,derived,
https://achologytest.com/help/outcomes-and-expectations/can-achology-help-personal-struggles/,faq_article,publish,single-faq_article.php,derived,
https://achologytest.com/help/outcomes-and-expectations/is-achology-content-scientific-or-ideological/,faq_article,publish,single-faq_article.php,derived,
https://achologytest.com/help/outcomes-and-expectations/achology-character-development/,faq_article,publish,single-faq_article.php,derived,
https://achologytest.com/help/outcomes-and-expectations/course-completion-vs-competence/,faq_article,publish,single-faq_article.php,derived,
https://achologytest.com/help/outcomes-and-expectations/achology-success-stories-do-courses-work/,faq_article,publish,single-faq_article.php,derived,
https://achologytest.com/help/outcomes-and-expectations/achology-professional-indemnity-insurance/,faq_article,publish,single-faq_article.php,derived,
https://achologytest.com/help/outcomes-and-expectations/does-achology-supervise-peer-coaching/,faq_article,publish,single-faq_article.php,derived,
https://achologytest.com/help/outcomes-and-expectations/supervision-after-achology-training/,faq_article,publish,single-faq_article.php,derived,
https://achologytest.com/help/outcomes-and-expectations/call-myself-certified-achology-credentials/,faq_article,publish,single-faq_article.php,derived,
https://achologytest.com/help/outcomes-and-expectations/will-clients-take-achology-certificate-seriously/,faq_article,publish,single-faq_article.php,derived,
https://achologytest.com/help/outcomes-and-expectations/will-employers-recognise-achology-certificate/,faq_article,publish,single-faq_article.php,derived,
https://achologytest.com/help/outcomes-and-expectations/can-achology-replace-university-degrees/,faq_article,publish,single-faq_article.php,derived,
https://achologytest.com/help/outcomes-and-expectations/what-if-achology-courses-dont-work/,faq_article,publish,single-faq_article.php,derived,
https://achologytest.com/help/outcomes-and-expectations/see-real-results-how-long-achology-takes/,faq_article,publish,single-faq_article.php,derived,
https://achologytest.com/help/outcomes-and-expectations/achology-course-outcomes/,faq_article,publish,single-faq_article.php,derived,
https://achologytest.com/help/outcomes-and-expectations/realistic-outcomes-with-achology/,faq_article,publish,single-faq_article.php,derived,
https://achologytest.com/help/certificates-cpd-accreditation/achologist-title-without-membership/,faq_article,publish,single-faq_article.php,derived,
https://achologytest.com/help/certificates-cpd-accreditation/explain-achology-qualifications-to-clients/,faq_article,publish,single-faq_article.php,derived,
https://achologytest.com/help/certificates-cpd-accreditation/achology-certificates-recognised-internationally/,faq_article,publish,single-faq_article.php,derived,
https://achologytest.com/help/certificates-cpd-accreditation/coaching-vs-counselling-credentials-difference/,faq_article,publish,single-faq_article.php,derived,
https://achologytest.com/help/certificates-cpd-accreditation/insurance-coverage-achology-qualifications/,faq_article,publish,single-faq_article.php,derived,
https://achologytest.com/help/certificates-cpd-accreditation/post-nominal-letters-achology-certificates/,faq_article,publish,single-faq_article.php,derived,
https://achologytest.com/help/certificates-cpd-accreditation/join-professional-body-after-achology/,faq_article,publish,single-faq_article.php,derived,
https://achologytest.com/help/certificates-cpd-accreditation/cpd-journey-after-leaving-achology/,faq_article,publish,single-faq_article.php,derived,
https://achologytest.com/help/certificates-cpd-accreditation/verify-achology-certificate/,faq_article,publish,single-faq_article.php,derived,
https://achologytest.com/help/certificates-cpd-accreditation/evidence-cpd-learning-progression-achology/,faq_article,publish,single-faq_article.php,derived,
https://achologytest.com/help/certificates-cpd-accreditation/call-myself-therapist-achology-courses/,faq_article,publish,single-faq_article.php,derived,
https://achologytest.com/help/certificates-cpd-accreditation/what-does-achology-certification-qualify/,faq_article,publish,single-faq_article.php,derived,
https://achologytest.com/help/certificates-cpd-accreditation/achology-courses-cpd-hours/,faq_article,publish,single-faq_article.php,derived,
https://achologytest.com/help/certificates-cpd-accreditation/is-achology-accredited-somap/,faq_article,publish,single-faq_article.php,derived,
https://achologytest.com/help/certificates-cpd-accreditation/what-achology-certificate-proves/,faq_article,publish,single-faq_article.php,derived,
https://achologytest.com/help/comparisons-and-alternatives/society-lost-gatekeeping-psychology/,faq_article,publish,single-faq_article.php,derived,
https://achologytest.com/help/comparisons-and-alternatives/how-psychology-became-institutionalised/,faq_article,publish,single-faq_article.php,derived,
https://achologytest.com/help/comparisons-and-alternatives/achology-certificates-vs-university-degrees/,faq_article,publish,single-faq_article.php,derived,
https://achologytest.com/help/comparisons-and-alternatives/self-study-books-vs-achology-courses/,faq_article,publish,single-faq_article.php,derived,
https://achologytest.com/help/comparisons-and-alternatives/achology-vs-therapy-training-counselling/,faq_article,publish,single-faq_article.php,derived,
https://achologytest.com/help/comparisons-and-alternatives/achology-vs-icf-coaching-certification/,faq_article,publish,single-faq_article.php,derived,
https://achologytest.com/help/comparisons-and-alternatives/achology-vs-school-of-life-comparison/,faq_article,publish,single-faq_article.php,derived,
https://achologytest.com/help/comparisons-and-alternatives/achology-vs-tony-robbins-comparison/,faq_article,publish,single-faq_article.php,derived,
https://achologytest.com/help/comparisons-and-alternatives/achology-vs-linkedin-learning-comparison/,faq_article,publish,single-faq_article.php,derived,
https://achologytest.com/help/comparisons-and-alternatives/achology-vs-coursera-psychology-education/,faq_article,publish,single-faq_article.php,derived,
https://achologytest.com/help/comparisons-and-alternatives/achology-vs-mindvalley-comparison/,faq_article,publish,single-faq_article.php,derived,
https://achologytest.com/help/comparisons-and-alternatives/why-pay-achology-when-free-content-exists/,faq_article,publish,single-faq_article.php,derived,
https://achologytest.com/help/comparisons-and-alternatives/what-makes-achology-different/,faq_article,publish,single-faq_article.php,derived,
https://achologytest.com/help/comparisons-and-alternatives/achology-vs-udemy-psychology-courses/,faq_article,publish,single-faq_article.php,derived,
https://achologytest.com/help/comparisons-and-alternatives/achology-on-udemy-should-i-join-achology/,faq_article,publish,single-faq_article.php,derived,
https://achologytest.com/help/comparisons-and-alternatives/kain-ramsay-udemy-vs-achology-courses/,faq_article,publish,single-faq_article.php,derived,
https://achologytest.com/help/achology-basics-and-identity/achology-accessibility-requirements/,faq_article,publish,single-faq_article.php,derived,
https://achologytest.com/help/achology-basics-and-identity/why-achology-criticizes-psychology-teaching/,faq_article,publish,single-faq_article.php,derived,
https://achologytest.com/help/achology-basics-and-identity/achology-evidence-based-humanistic-psychology/,faq_article,publish,single-faq_article.php,derived,
https://achologytest.com/help/achology-basics-and-identity/is-achology-global-platform/,faq_article,publish,single-faq_article.php,derived,
https://achologytest.com/help/achology-basics-and-identity/who-runs-achology/,faq_article,publish,single-faq_article.php,derived,
https://achologytest.com/help/achology-basics-and-identity/no-credential-inflation-achology/,faq_article,publish,single-faq_article.php,derived,
https://achologytest.com/help/achology-basics-and-identity/manipulative-pricing-tactics-achology-avoids/,faq_article,publish,single-faq_article.php,derived,
https://achologytest.com/help/achology-basics-and-identity/why-achology-avoids-diagnostic-labels/,faq_article,publish,single-faq_article.php,derived,
https://achologytest.com/help/achology-basics-and-identity/what-does-achology-expect-from-learners/,faq_article,publish,single-faq_article.php,derived,
https://achologytest.com/help/achology-basics-and-identity/adult-to-adult-learning-no-hand-holding/,faq_article,publish,single-faq_article.php,derived,
https://achologytest.com/help/achology-basics-and-identity/psychology-as-practical-wisdom/,faq_article,publish,single-faq_article.php,derived,
https://achologytest.com/help/achology-basics-and-identity/what-does-achology-mean-becoming-wiser/,faq_article,publish,single-faq_article.php,derived,
https://achologytest.com/help/achology-basics-and-identity/why-achology-emphasises-personal-responsibility/,faq_article,publish,single-faq_article.php,derived,
https://achologytest.com/help/achology-basics-and-identity/personal-responsibility-achology-learning/,faq_article,publish,single-faq_article.php,derived,
https://achologytest.com/help/achology-basics-and-identity/principle-led-education-achology/,faq_article,publish,single-faq_article.php,derived,
https://achologytest.com/help/achology-basics-and-identity/achology-multiple-psychology-traditions/,faq_article,publish,single-faq_article.php,derived,
https://achologytest.com/help/achology-basics-and-identity/who-is-achology-not-for/,faq_article,publish,single-faq_article.php,derived,
https://achologytest.com/help/achology-basics-and-identity/who-is-achology-designed-for/,faq_article,publish,single-faq_article.php,derived,
https://achologytest.com/help/achology-basics-and-identity/what-is-applied-psychology-achology/,faq_article,publish,single-faq_article.php,derived,
https://achologytest.com/help/achology-basics-and-identity/achology-teaching-philosophy/,faq_article,publish,single-faq_article.php,derived,
https://achologytest.com/help/achology-basics-and-identity/where-is-achology-based/,faq_article,publish,single-faq_article.php,derived,
https://achologytest.com/help/achology-basics-and-identity/how-long-achology-operating/,faq_article,publish,single-faq_article.php,derived,
https://achologytest.com/help/achology-basics-and-identity/who-is-kain-ramsay/,faq_article,publish,single-faq_article.php,derived,
https://achologytest.com/help/achology-basics-and-identity/is-achology-educational-provider-or-professional-body/,faq_article,publish,single-faq_article.php,derived,
https://achologytest.com/help/achology-basics-and-identity/is-achology-a-university/,faq_article,publish,single-faq_article.php,derived,
https://achologytest.com/help/membership-and-access/does-achology-provide-crisis-support/,faq_article,publish,single-faq_article.php,derived,
https://achologytest.com/help/membership-and-access/can-achology-suspend-terminate-access/,faq_article,publish,single-faq_article.php,derived,
https://achologytest.com/help/membership-and-access/platform-changes-course-access-achology/,faq_article,publish,single-faq_article.php,derived,
https://achologytest.com/help/membership-and-access/why-achology-includes-community-course-prices/,faq_article,publish,single-faq_article.php,derived,
https://achologytest.com/help/membership-and-access/share-achology-account-courses/,faq_article,publish,single-faq_article.php,derived,
https://achologytest.com/help/membership-and-access/membership-payment-fails-achology/,faq_article,publish,single-faq_article.php,derived,
https://achologytest.com/help/membership-and-access/achology-school-bundles-how-they-work/,faq_article,publish,single-faq_article.php,derived,
https://achologytest.com/help/membership-and-access/achology-access-all-areas-pass/,faq_article,publish,single-faq_article.php,derived,
https://achologytest.com/help/membership-and-access/difference-membership-courses-achology/,faq_article,publish,single-faq_article.php,derived,
https://achologytest.com/help/membership-and-access/what-does-achology-membership-include/,faq_article,publish,single-faq_article.php,derived,
https://achologytest.com/help/refunds-and-billing/achology-refund-technical-issues/,faq_article,publish,single-faq_article.php,derived,
https://achologytest.com/help/refunds-and-billing/achology-refund-disagree-course-content/,faq_article,publish,single-faq_article.php,derived,
https://achologytest.com/help/refunds-and-billing/achology-membership-refund/,faq_article,publish,single-faq_article.php,derived,
https://achologytest.com/help/refunds-and-billing/cancel-achology-membership-anytime/,faq_article,publish,single-faq_article.php,derived,
https://achologytest.com/help/refunds-and-billing/achology-change-mind-after-14-day-guarantee/,faq_article,publish,single-faq_article.php,derived,
https://achologytest.com/help/refunds-and-billing/how-long-achology-refund-process/,faq_article,publish,single-faq_article.php,derived,
https://achologytest.com/help/refunds-and-billing/how-to-request-achology-refund/,faq_article,publish,single-faq_article.php,derived,
https://achologytest.com/help/refunds-and-billing/achology-refund-policy-explained/,faq_article,publish,single-faq_article.php,derived,
https://achologytest.com/help/pricing-and-payments/achology-no-transformation-promises/,faq_article,publish,single-faq_article.php,derived,
https://achologytest.com/help/pricing-and-payments/achology-anti-gatekeeping-pricing/,faq_article,publish,single-faq_article.php,derived,
https://achologytest.com/help/pricing-and-payments/achology-pricing-versus-udemy-universities/,faq_article,publish,single-faq_article.php,derived,
https://achologytest.com/help/pricing-and-payments/is-achology-worth-the-money/,faq_article,publish,single-faq_article.php,derived,
https://achologytest.com/help/pricing-and-payments/achology-discounts-sales-promotions/,faq_article,publish,single-faq_article.php,derived,
https://achologytest.com/help/pricing-and-payments/upgrade-courses-bundle-access-pass/,faq_article,publish,single-faq_article.php,derived,
https://achologytest.com/help/pricing-and-payments/hidden-fees-additional-costs-achology/,faq_article,publish,single-faq_article.php,derived,
https://achologytest.com/help/pricing-and-payments/achology-payment-methods/,faq_article,publish,single-faq_article.php,derived,
https://achologytest.com/help/pricing-and-payments/achology-free-trial-introductory-offer/,faq_article,publish,single-faq_article.php,derived,
https://achologytest.com/help/pricing-and-payments/achology-lifetime-access-explained/,faq_article,publish,single-faq_article.php,derived,
https://achologytest.com/help/achology-basics-and-identity/is-achology-therapy-counselling-or-coaching/,faq_article,publish,single-faq_article.php,derived,
https://achologytest.com/help/comparisons-and-alternatives/transfer-kain-ramsay-udemy-courses-achology/,faq_article,publish,single-faq_article.php,derived,
https://achologytest.com/help/comparisons-and-alternatives/achology-vs-university-psychology/,faq_article,publish,single-faq_article.php,derived,
https://achologytest.com/help/refunds-and-billing/does-achology-offer-a-money-back-guarantee/,faq_article,publish,single-faq_article.php,derived,
https://achologytest.com/help/pricing-and-payments/how-much-does-achology-cost/,faq_article,publish,single-faq_article.php,derived,
https://achologytest.com/help/learning-experience/do-achology-courses-get-updated/,faq_article,publish,single-faq_article.php,derived,
https://achologytest.com/help/achology-basics-and-identity/what-is-achology/,faq_article,publish,single-faq_article.php,derived,
https://achologytest.com/learn/psychology/articles/the-power-of-self-awareness-in-personal-growth-test/,article,publish,single-article.php,derived,test/sample item
https://achologytest.com/help/,faq archive,live,archive-faq_article.php,derived,
https://achologytest.com/help/achology-basics-and-identity/,faq_category term,live,taxonomy-faq_category.php,derived,28 articles
https://achologytest.com/help/certificates-cpd-accreditation/,faq_category term,live,taxonomy-faq_category.php,derived,18 articles
https://achologytest.com/help/community-and-conduct/,faq_category term,live,taxonomy-faq_category.php,derived,8 articles
https://achologytest.com/help/comparisons-and-alternatives/,faq_category term,live,taxonomy-faq_category.php,derived,20 articles
https://achologytest.com/help/curriculum-and-subjects/,faq_category term,live,taxonomy-faq_category.php,derived,5 articles
https://achologytest.com/help/events-and-mentorship/,faq_category term,live,taxonomy-faq_category.php,derived,21 articles
https://achologytest.com/help/getting-started/,faq_category term,live,taxonomy-faq_category.php,derived,13 articles
https://achologytest.com/help/membership-and-access/,faq_category term,live,taxonomy-faq_category.php,derived,20 articles
https://achologytest.com/help/outcomes-and-expectations/,faq_category term,live,taxonomy-faq_category.php,derived,24 articles
https://achologytest.com/help/partnerships-and-press/,faq_category term,live,taxonomy-faq_category.php,derived,7 articles
https://achologytest.com/help/pricing-and-payments/,faq_category term,live,taxonomy-faq_category.php,derived,17 articles
https://achologytest.com/help/privacy-and-legal/,faq_category term,live,taxonomy-faq_category.php,derived,28 articles
https://achologytest.com/help/refunds-and-billing/,faq_category term,live,taxonomy-faq_category.php,derived,9 articles
https://achologytest.com/help/technical-help/,faq_category term,live,taxonomy-faq_category.php,derived,22 articles
https://achologytest.com/help/learning-experience/,faq_category term,live,taxonomy-faq_category.php,derived,18 articles
https://achologytest.com/learn/,hub home,302 → /learn/articles/,(temporary redirect),theme,self-retiring until /learn/ home is built
https://achologytest.com/learn/articles/,hub listing (cross-cat),live,learn-listing.php,derived,
https://achologytest.com/learn/book-notes/,hub listing (cross-cat),live,learn-listing.php,derived,
https://achologytest.com/learn/quotes/,hub listing (cross-cat),live,learn-listing.php,derived,
https://achologytest.com/learn/workbooks/,hub listing (cross-cat),live,learn-listing.php,derived,
https://achologytest.com/learn/general-interest/,kh_category term,live,taxonomy-kh_category.php,derived,
https://achologytest.com/learn/general-interest/articles/,hub listing (category),live,learn-listing.php,derived,
https://achologytest.com/learn/general-interest/book-notes/,hub listing (category),live,learn-listing.php,derived,
https://achologytest.com/learn/general-interest/quotes/,hub listing (category),live,learn-listing.php,derived,
https://achologytest.com/learn/general-interest/workbooks/,hub listing (category),live,learn-listing.php,derived,
https://achologytest.com/learn/helping-people/,kh_category term,live,taxonomy-kh_category.php,derived,
https://achologytest.com/learn/helping-people/articles/,hub listing (category),live,learn-listing.php,derived,
https://achologytest.com/learn/helping-people/book-notes/,hub listing (category),live,learn-listing.php,derived,
https://achologytest.com/learn/helping-people/quotes/,hub listing (category),live,learn-listing.php,derived,
https://achologytest.com/learn/helping-people/workbooks/,hub listing (category),live,learn-listing.php,derived,
https://achologytest.com/learn/mental-wellness/,kh_category term,live,taxonomy-kh_category.php,derived,
https://achologytest.com/learn/mental-wellness/articles/,hub listing (category),live,learn-listing.php,derived,
https://achologytest.com/learn/mental-wellness/book-notes/,hub listing (category),live,learn-listing.php,derived,
https://achologytest.com/learn/mental-wellness/quotes/,hub listing (category),live,learn-listing.php,derived,
https://achologytest.com/learn/mental-wellness/workbooks/,hub listing (category),live,learn-listing.php,derived,
https://achologytest.com/learn/motivation/,kh_category term,live,taxonomy-kh_category.php,derived,
https://achologytest.com/learn/motivation/articles/,hub listing (category),live,learn-listing.php,derived,
https://achologytest.com/learn/motivation/book-notes/,hub listing (category),live,learn-listing.php,derived,
https://achologytest.com/learn/motivation/quotes/,hub listing (category),live,learn-listing.php,derived,
https://achologytest.com/learn/motivation/workbooks/,hub listing (category),live,learn-listing.php,derived,
https://achologytest.com/learn/personal-growth/,kh_category term,live,taxonomy-kh_category.php,derived,
https://achologytest.com/learn/personal-growth/articles/,hub listing (category),live,learn-listing.php,derived,
https://achologytest.com/learn/personal-growth/book-notes/,hub listing (category),live,learn-listing.php,derived,
https://achologytest.com/learn/personal-growth/quotes/,hub listing (category),live,learn-listing.php,derived,
https://achologytest.com/learn/personal-growth/workbooks/,hub listing (category),live,learn-listing.php,derived,
https://achologytest.com/learn/psychology/,kh_category term,live,taxonomy-kh_category.php,derived,
https://achologytest.com/learn/psychology/articles/,hub listing (category),live,learn-listing.php,derived,
https://achologytest.com/learn/psychology/book-notes/,hub listing (category),live,learn-listing.php,derived,
https://achologytest.com/learn/psychology/quotes/,hub listing (category),live,learn-listing.php,derived,
https://achologytest.com/learn/psychology/workbooks/,hub listing (category),live,learn-listing.php,derived,
https://achologytest.com/learn/wisdom-for-life/,kh_category term,live,taxonomy-kh_category.php,derived,
https://achologytest.com/learn/wisdom-for-life/articles/,hub listing (category),live,learn-listing.php,derived,
https://achologytest.com/learn/wisdom-for-life/book-notes/,hub listing (category),live,learn-listing.php,derived,
https://achologytest.com/learn/wisdom-for-life/quotes/,hub listing (category),live,learn-listing.php,derived,
https://achologytest.com/learn/wisdom-for-life/workbooks/,hub listing (category),live,learn-listing.php,derived,
https://achologytest.com/learn/tags/achieve-your-goals/,kh_tag term,live,index.php,derived,NO taxonomy-kh_tag.php — falls to index.php; tag landing not built
https://achologytest.com/learn/tags/beginner-friendly/,kh_tag term,live,index.php,derived,NO taxonomy-kh_tag.php — falls to index.php; tag landing not built
https://achologytest.com/learn/tags/break-negative-thinking/,kh_tag term,live,index.php,derived,NO taxonomy-kh_tag.php — falls to index.php; tag landing not built
https://achologytest.com/learn/tags/build-confidence/,kh_tag term,live,index.php,derived,NO taxonomy-kh_tag.php — falls to index.php; tag landing not built
https://achologytest.com/learn/tags/build-mental-resilience/,kh_tag term,live,index.php,derived,NO taxonomy-kh_tag.php — falls to index.php; tag landing not built
https://achologytest.com/learn/tags/build-self-discipline/,kh_tag term,live,index.php,derived,NO taxonomy-kh_tag.php — falls to index.php; tag landing not built
https://achologytest.com/learn/tags/communicate-effectively/,kh_tag term,live,index.php,derived,NO taxonomy-kh_tag.php — falls to index.php; tag landing not built
https://achologytest.com/learn/tags/deep-dive/,kh_tag term,live,index.php,derived,NO taxonomy-kh_tag.php — falls to index.php; tag landing not built
https://achologytest.com/learn/tags/develop-emotional-intelligence/,kh_tag term,live,index.php,derived,NO taxonomy-kh_tag.php — falls to index.php; tag landing not built
https://achologytest.com/learn/tags/find-purpose-and-direction/,kh_tag term,live,index.php,derived,NO taxonomy-kh_tag.php — falls to index.php; tag landing not built
https://achologytest.com/learn/tags/grow-self-awareness/,kh_tag term,live,index.php,derived,NO taxonomy-kh_tag.php — falls to index.php; tag landing not built
https://achologytest.com/learn/tags/help-others-grow/,kh_tag term,live,index.php,derived,NO taxonomy-kh_tag.php — falls to index.php; tag landing not built
https://achologytest.com/learn/tags/improve-relationships/,kh_tag term,live,index.php,derived,NO taxonomy-kh_tag.php — falls to index.php; tag landing not built
https://achologytest.com/learn/tags/improve-social-confidence/,kh_tag term,live,index.php,derived,NO taxonomy-kh_tag.php — falls to index.php; tag landing not built
https://achologytest.com/learn/tags/increase-productivity/,kh_tag term,live,index.php,derived,NO taxonomy-kh_tag.php — falls to index.php; tag landing not built
https://achologytest.com/learn/tags/lead-with-impact/,kh_tag term,live,index.php,derived,NO taxonomy-kh_tag.php — falls to index.php; tag landing not built
https://achologytest.com/learn/tags/learn-cbt/,kh_tag term,live,index.php,derived,NO taxonomy-kh_tag.php — falls to index.php; tag landing not built
https://achologytest.com/learn/tags/learn-counselling/,kh_tag term,live,index.php,derived,NO taxonomy-kh_tag.php — falls to index.php; tag landing not built
https://achologytest.com/learn/tags/learn-hypnotherapy/,kh_tag term,live,index.php,derived,NO taxonomy-kh_tag.php — falls to index.php; tag landing not built
https://achologytest.com/learn/tags/learn-life-coaching/,kh_tag term,live,index.php,derived,NO taxonomy-kh_tag.php — falls to index.php; tag landing not built
https://achologytest.com/learn/tags/learn-mindfulness/,kh_tag term,live,index.php,derived,NO taxonomy-kh_tag.php — falls to index.php; tag landing not built
https://achologytest.com/learn/tags/learn-nlp/,kh_tag term,live,index.php,derived,NO taxonomy-kh_tag.php — falls to index.php; tag landing not built
https://achologytest.com/learn/tags/manage-stress-and-anxiety/,kh_tag term,live,index.php,derived,NO taxonomy-kh_tag.php — falls to index.php; tag landing not built
https://achologytest.com/learn/tags/master-your-mindset/,kh_tag term,live,index.php,derived,NO taxonomy-kh_tag.php — falls to index.php; tag landing not built
https://achologytest.com/learn/tags/navigate-life-changes/,kh_tag term,live,index.php,derived,NO taxonomy-kh_tag.php — falls to index.php; tag landing not built
https://achologytest.com/learn/tags/overcome-feeling-stuck/,kh_tag term,live,index.php,derived,NO taxonomy-kh_tag.php — falls to index.php; tag landing not built
https://achologytest.com/learn/tags/overcome-self-doubt/,kh_tag term,live,index.php,derived,NO taxonomy-kh_tag.php — falls to index.php; tag landing not built
https://achologytest.com/learn/tags/practical-exercise/,kh_tag term,live,index.php,derived,NO taxonomy-kh_tag.php — falls to index.php; tag landing not built
https://achologytest.com/learn/tags/practice-mindfulness/,kh_tag term,live,index.php,derived,NO taxonomy-kh_tag.php — falls to index.php; tag landing not built
https://achologytest.com/learn/tags/professional-practice/,kh_tag term,live,index.php,derived,NO taxonomy-kh_tag.php — falls to index.php; tag landing not built
https://achologytest.com/learn/tags/research-based/,kh_tag term,live,index.php,derived,NO taxonomy-kh_tag.php — falls to index.php; tag landing not built
https://achologytest.com/learn/tags/start-and-grow-a-business/,kh_tag term,live,index.php,derived,NO taxonomy-kh_tag.php — falls to index.php; tag landing not built
https://achologytest.com/learn/tags/strengthen-your-partnership/,kh_tag term,live,index.php,derived,NO taxonomy-kh_tag.php — falls to index.php; tag landing not built
https://achologytest.com/learn/tags/support-mental-health/,kh_tag term,live,index.php,derived,NO taxonomy-kh_tag.php — falls to index.php; tag landing not built
https://achologytest.com/learn/tags/understand-your-mind/,kh_tag term,live,index.php,derived,NO taxonomy-kh_tag.php — falls to index.php; tag landing not built
https://achologytest.com/learn/tags/unlock-personal-growth/,kh_tag term,live,index.php,derived,NO taxonomy-kh_tag.php — falls to index.php; tag landing not built
