ID,post_name,post_parent
10058,testimonials,0
877,code-of-ethics,184
865,manifesto,184
205,jackson-hartley,182
203,isabella-whitmore,182
201,frederick-martin,182
199,evelyn-montgomery,182
197,declan-fitzpatrick,182
195,charlotte-avery,182
193,benjamin-lockwood,182
191,amelia-sinclair,182
189,gerard-egan,182
187,kain-ramsay,182
184,about,0
182,instructors,184
144,accessibility-statement,124
142,disclaimers,124
134,trust-statement,124
132,refund-policy,124
130,cookie-policy,124
128,terms-and-conditions,124
126,privacy-policy,124
124,policies,0
