post_name,post_type,article_type
a-c-grayling,article,author-biography
abraham-maslow,article,author-biography
active-listening-in-counselling,article,instructor-attributed
alain-de-botton,article,author-biography
alan-watts,article,author-biography
alfred-adler,article,author-biography
aristotle,article,author-biography
arthur-schopenhauer,article,author-biography
bertrand-russell,article,author-biography
brendon-burchard,article,author-biography
brene-brown,article,author-biography
cal-newport,article,author-biography
carl-jung,article,author-biography
challenging-skills-in-counselling,article,instructor-attributed
charles-duhigg,article,author-biography
client-resistance-in-counselling,article,instructor-attributed
dan-ariely,article,author-biography
daniel-goleman,article,author-biography
difference-between-change-and-transition,article,instructor-attributed
don-miguel-ruiz,article,author-biography
empathy-in-counselling,article,instructor-attributed
ending-the-counselling-relationship,article,instructor-attributed
erich-fromm,article,author-biography
erik-erikson,article,author-biography
friedrich-nietzsche,article,author-biography
gabor-mate,article,author-biography
gerard-egan,article,author-biography
helping-clients-tell-their-story,article,instructor-attributed
how-to-reframe-failure,article,instructor-attributed
howard-gardner,article,author-biography
internal-versus-external-locus-of-control,article,instructor-attributed
irvin-yalom,article,author-biography
james-allen,article,author-biography
jean-piaget,article,author-biography
john-c-maxwell,article,author-biography
john-dewey,article,author-biography
john-stuart-mill,article,author-biography
jonathan-haidt,article,author-biography
jordan-b-peterson,article,author-biography
joseph-campbell,article,author-biography
judith-s-beck,article,author-biography
kain-ramsay,article,author-biography
leo-tolstoy,article,author-biography
malcolm-gladwell,article,author-biography
mark-manson,article,author-biography
martin-seligman,article,author-biography
nassim-nicholas-taleb,article,author-biography
philip-zimbardo,article,author-biography
plato,article,author-biography
rick-hanson,article,author-biography
robert-cialdini,article,author-biography
robert-greene,article,author-biography
ryan-holiday,article,author-biography
self-awareness-and-personal-growth,article,instructor-attributed
sigmund-freud,article,author-biography
simon-sinek,article,author-biography
steven-pinker,article,author-biography
steven-pressfield,article,author-biography
the-role-of-hope-in-therapy,article,instructor-attributed
thich-nhat-hanh,article,author-biography
unconscious-limiting-beliefs,article,instructor-attributed
viktor-frankl,article,author-biography
why-do-people-seek-counselling,article,instructor-attributed
why-giving-advice-does-not-work,article,instructor-attributed
why-people-behave-the-way-they-do,article,instructor-attributed
william-james,article,author-biography
a-guide-to-rational-living,book_note,
a-liberated-mind,book_note,
a-way-of-being,book_note,
awakenings,book_note,
brainstorm-the-power-and-purpose-of-the-teenage-brain,book_note,
chasing-the-scream,book_note,
coaching-with-the-brain-in-mind,book_note,
coming-to-our-senses,book_note,
creating-minds,book_note,
decisive,book_note,
emotional-leonard-mlodinow,book_note,
fierce-self-compassion,book_note,
finding-flow,book_note,
free-will-sam-harris,book_note,
getting-past-no,book_note,
homage-to-catalonia,book_note,
how-the-mighty-fall,book_note,
how-to-fix-a-broken-heart,book_note,
how-to-know-a-person,book_note,
humble-inquiry,book_note,
internal-family-systems-therapy,book_note,
journey-to-the-heart,book_note,
linchpin,book_note,
mans-search-for-meaning,book_note,
maps-of-meaning,book_note,
mental-efficiency,book_note,
money-master-the-game,book_note,
nature-emerson,book_note,
noise,book_note,
on-the-origin-of-species,book_note,
overcoming-depression,book_note,
peace-power-and-plenty,book_note,
radical-compassion,book_note,
recovering-from-emotionally-immature-parents,book_note,
speak-peace-in-a-world-of-conflict,book_note,
stillness-speaks,book_note,
the-4-hour-body,book_note,
the-8th-habit,book_note,
the-advice-trap,book_note,
the-brains-way-of-healing,book_note,
the-bridge-across-forever,book_note,
the-confidence-gap,book_note,
the-dichotomy-of-leadership,book_note,
the-diet-trap-solution,book_note,
the-doors-of-perception,book_note,
the-farther-reaches-of-human-nature,book_note,
the-feeling-good-handbook,book_note,
the-gap-and-the-gain,book_note,
the-honest-truth-about-dishonesty,book_note,
the-life-cycle-completed,book_note,
the-maine-woods,book_note,
the-places-that-scare-you,book_note,
the-power-of-truth,book_note,
the-psychology-of-self-esteem,book_note,
the-relationship-cure,book_note,
the-science-of-being-well,book_note,
the-upside-of-stress,book_note,
thrift,book_note,
time-and-free-will,book_note,
toward-a-psychology-of-being,book_note,
truth-and-repair,book_note,
tusculan-disputations,book_note,
what-do-you-say-after-you-say-hello,book_note,
what-life-could-mean-to-you,book_note,
why-zebras-dont-get-ulcers,book_note,
achologist-adept,faq_article,
achologist-led-tutorials-alts,faq_article,
achologist-title-without-membership,faq_article,
achology-access-all-areas-pass,faq_article,
achology-accessibility-requirements,faq_article,
achology-anti-gatekeeping-pricing,faq_article,
achology-automated-decision-making-profiling,faq_article,
achology-career-change-coaching-mentoring,faq_article,
achology-case-study-discussion-groups,faq_article,
achology-certificates-recognised-internationally,faq_article,
achology-certificates-vs-university-degrees,faq_article,
achology-certification-practice-competence,faq_article,
achology-change-mind-after-14-day-guarantee,faq_article,
achology-character-development,faq_article,
achology-coaching-competency-review-sessions,faq_article,
achology-code-character-conduct-ccac,faq_article,
achology-code-ethics,faq_article,
achology-community-rules-moderation,faq_article,
achology-content-offensive-emotionally-challenging,faq_article,
achology-copyright-sharing-course-content,faq_article,
achology-course-order-sequence,faq_article,
achology-course-outcomes,faq_article,
achology-course-piracy-copyright,faq_article,
achology-course-prerequisites-requirements,faq_article,
achology-course-required-attend-workshops,faq_article,
achology-courses-cpd-hours,faq_article,
achology-courses-other-languages,faq_article,
achology-customer-legal-rights-uk-consumer-law,faq_article,
achology-disagreement-open-discussion,faq_article,
achology-discounts-sales-promotions,faq_article,
achology-discussion-boundary-feels-unsafe,faq_article,
achology-discussion-spaces-groups-events,faq_article,
achology-evidence-based-humanistic-psychology,faq_article,
achology-free-trial-introductory-offer,faq_article,
achology-invite-link-not-working,faq_article,
achology-knowledge-hub,faq_article,
achology-knowledge-hub-free-read,faq_article,
achology-lifetime-access-explained,faq_article,
achology-live-events-types,faq_article,
achology-live-practice-session-etiquette,faq_article,
achology-media-press-interview-requests,faq_article,
achology-members-host-workshops-events,faq_article,
achology-membership-free-coaching-included,faq_article,
achology-membership-refund,faq_article,
achology-mentorship-vs-coaching-difference,faq_article,
achology-multiple-psychology-traditions,faq_article,
achology-no-transformation-promises,faq_article,
achology-on-udemy-should-i-join-achology,faq_article,
achology-password-reset-email-not-arriving,faq_article,
achology-payment-methods,faq_article,
achology-peer-learning-community-teaches,faq_article,
achology-peer-learning-culture,faq_article,
achology-pricing-versus-udemy-universities,faq_article,
achology-professional-indemnity-insurance,faq_article,
achology-recommended-practice-pathway,faq_article,
achology-refund-disagree-course-content,faq_article,
achology-refund-policy-explained,faq_article,
achology-refund-technical-issues,faq_article,
achology-responsible-community-member-advice,faq_article,
achology-s-character-code-based-aristotle,faq_article,
achology-s-five-community-principles,faq_article,
achology-s-nine-value-based-principles,faq_article,
achology-s-registered-company-details,faq_article,
achology-s-ten-value-commitments,faq_article,
achology-s-three-learning-paths,faq_article,
achology-school-bundles-how-they-work,faq_article,
achology-skill-development-workshops,faq_article,
achology-success-stories-do-courses-work,faq_article,
achology-teaching-philosophy,faq_article,
achology-trust-legal-policies-work-together,faq_article,
achology-uk-register-learning-providers,faq_article,
achology-updates-course-already-purchased,faq_article,
achology-vs-coursera-psychology-education,faq_article,
achology-vs-icf-coaching-certification,faq_article,
achology-vs-linkedin-learning-comparison,faq_article,
achology-vs-mindvalley-comparison,faq_article,
achology-vs-school-of-life-comparison,faq_article,
achology-vs-therapy-training-counselling,faq_article,
achology-vs-tony-robbins-comparison,faq_article,
achology-vs-udemy-psychology-courses,faq_article,
achology-vs-university-psychology,faq_article,
adult-to-adult-learning-no-hand-holding,faq_article,
any-achology-courses-appear-more-than,faq_article,
ask-questions-achology-community,faq_article,
become-a-master-achologist,faq_article,
become-an-achology-affiliate,faq_article,
become-instructor-contribute-content-achology,faq_article,
best-browsers-devices-achology-community,faq_article,
build-real-competence-achology,faq_article,
call-myself-certified-achology-credentials,faq_article,
call-myself-therapist-achology-courses,faq_article,
can-achology-help-personal-struggles,faq_article,
can-achology-replace-university-degrees,faq_article,
can-achology-suspend-terminate-access,faq_article,
cancel-achology-membership-anytime,faq_article,
cant-log-in-achology-community,faq_article,
cant-see-achology-course-space-community,faq_article,
cant-send-receive-messages-achology-community,faq_article,
ccac-green-red-status-mean,faq_article,
character-traits-define-achologist,faq_article,
choose-right-achology-event-level,faq_article,
cips-when-need-them,faq_article,
coaching-hot-seat,faq_article,
coaching-vs-counselling-credentials-difference,faq_article,
commit-practising-achologist,faq_article,
completed-achology-course-nothing-changed,faq_article,
course-completion-vs-competence,faq_article,
course-included-free-membership-happens-when,faq_article,
cpd-journey-after-leaving-achology,faq_article,
create-posts-achology-community,faq_article,
delete-achology-account-and-data,faq_article,
difference-between-certificate-completion-certificate-achievement,faq_article,
difference-between-code-ethics-ccac-community,faq_article,
difference-between-monthly-annual-achology-membership,faq_article,
difference-membership-courses-achology,faq_article,
dimap-course-upgrade,faq_article,
direct-message-achology-members,faq_article,
do-achology-courses-get-updated,faq_article,
does-achology-offer-a-money-back-guarantee,faq_article,
does-achology-offer-partnerships-collaborations,faq_article,
does-achology-provide-crisis-support,faq_article,
does-achology-sell-personal-data,faq_article,
does-achology-supervise-peer-coaching,faq_article,
download-achology-community-app,faq_article,
download-achology-course-materials,faq_article,
downloading-achology-content,faq_article,
earn-cpd-credit-hosting-session-only,faq_article,
evidence-cpd-learning-progression-achology,faq_article,
explain-achology-qualifications-to-clients,faq_article,
find-achology-course-resources,faq_article,
find-achology-members-similar-interests,faq_article,
first-course-complete-beginner,faq_article,
fix-achology-community-notification-problems,faq_article,
fix-audio-video-achology-live-sessions,faq_article,
get-value-achology-mentorship-sessions,faq_article,
guest-speakers-policy,faq_article,
have-each-year-keep-master-achologist,faq_article,
have-retake-code-ethics-training-every,faq_article,
hidden-fees-additional-costs-achology,faq_article,
homework-assessment-achology-courses,faq_article,
host-own-achology-event,faq_article,
how-achology-courses-work-self-paced,faq_article,
how-long-achology-courses-take-timelines,faq_article,
how-long-achology-keeps-personal-data,faq_article,
how-long-achology-operating,faq_article,
how-long-achology-refund-process,faq_article,
how-much-do-achology-coaches-earn,faq_article,
how-much-does-achology-cost,faq_article,
how-psychology-became-institutionalised,faq_article,
how-to-contact-achology-support,faq_article,
how-to-join-live-achology-community-event,faq_article,
how-to-participate-achology-discussions-events,faq_article,
how-to-request-achology-refund,faq_article,
inside-achology-course-modules-breakdown,faq_article,
insurance-coverage-achology-qualifications,faq_article,
is-achology-a-university,faq_article,
is-achology-accredited-somap,faq_article,
is-achology-content-scientific-or-ideological,faq_article,
is-achology-educational-provider-or-professional-body,faq_article,
is-achology-global-platform,faq_article,
is-achology-right-emotionally-vulnerable,faq_article,
is-achology-suitable-for-beginners,faq_article,
is-achology-therapy-counselling-or-coaching,faq_article,
is-achology-worth-the-money,faq_article,
join-professional-body-after-achology,faq_article,
kain-ramsay-udemy-vs-achology-courses,faq_article,
key-milestones-achology-s-history,faq_article,
long-achology-valts-session,faq_article,
manage-achology-community-notifications,faq_article,
manipulative-pricing-tactics-achology-avoids,faq_article,
many-ccac-sessions-need-complete-often,faq_article,
many-courses-achology-offer-total,faq_article,
many-times-coach-same-person-cips,faq_article,
masterclasses-vs-practitioner-courses-differences,faq_article,
membership-first-or-course-first,faq_article,
membership-payment-fails-achology,faq_article,
mentoring-opportunities-achology-membership,faq_article,
mentorship-sessions-recorded-achology,faq_article,
navigate-achology-community-guide,faq_article,
nine-ccac-virtues,faq_article,
no-credential-inflation-achology,faq_article,
offer-free-coaching-someone-outside-achology,faq_article,
overwhelmed-by-achology-options,faq_article,
pals-earn-them,faq_article,
pay-instalments-achology-courses,faq_article,
personal-progress-checklist-count-official-cpd,faq_article,
personal-responsibility-achology-learning,faq_article,
platform-changes-course-access-achology,faq_article,
post-nominal-letters-achology-certificates,faq_article,
principle-based-reflective-discussion,faq_article,
principle-led-education-achology,faq_article,
prior-qualifications-needed-achology,faq_article,
progress-member-achologist,faq_article,
psychology-as-practical-wisdom,faq_article,
realistic-outcomes-with-achology,faq_article,
refund-course-complimentary-membership-cancel-too,faq_article,
revisit-achology-courses-after-completion,faq_article,
rsvp-join-achology-live-events,faq_article,
see-real-results-how-long-achology-takes,faq_article,
self-study-books-vs-achology-courses,faq_article,
senior-achologist-two-levels,faq_article,
set-up-achology-community-profile,faq_article,
seven-marks-maturity-achology-teaches,faq_article,
seven-schools-achology-curriculum-explained,faq_article,
share-achology-account-courses,faq_article,
share-my-achology-account-login,faq_article,
six-achology-cpd-statuses,faq_article,
slow-deep-learning-rejects-fast-certification,faq_article,
society-lost-gatekeeping-psychology,faq_article,
standards-apply-trainee-achologists,faq_article,
study-multiple-achology-courses-simultaneously,faq_article,
submit-cpd-credit-claim-hosting-attending,faq_article,
supervision-after-achology-training,faq_article,
there-free-achology-membership-include,faq_article,
transfer-kain-ramsay-udemy-courses-achology,faq_article,
upgrade-courses-bundle-access-pass,faq_article,
using-achology-content-branding-materials,faq_article,
valts-achology,faq_article,
verify-achology-certificate,faq_article,
what-achology-certificate-proves,faq_article,
what-does-achology-certification-qualify,faq_article,
what-does-achology-expect-from-learners,faq_article,
what-does-achology-mean-becoming-wiser,faq_article,
what-does-achology-membership-include,faq_article,
what-if-achology-courses-dont-work,faq_article,
what-is-achology,faq_article,
what-is-applied-psychology-achology,faq_article,
what-is-circle-achology-community,faq_article,
what-law-governs-achology-terms,faq_article,
what-makes-achology-different,faq_article,
what-personal-data-achology-collects,faq_article,
what-to-include-achology-support-request,faq_article,
where-is-achology-based,faq_article,
where-should-i-start-with-achology,faq_article,
which-achology-company-am-actually-contracting,faq_article,
which-achology-events-earn-accreditation-credit,faq_article,
which-courses-included-each-school-bundle,faq_article,
who-does-achology-share-personal-data-with,faq_article,
who-is-achology-designed-for,faq_article,
who-is-achology-not-for,faq_article,
who-is-kain-ramsay,faq_article,
who-runs-achology,faq_article,
who-verifies-achology-cpd-claims,faq_article,
why-achology-avoids-diagnostic-labels,faq_article,
why-achology-criticizes-psychology-teaching,faq_article,
why-achology-emphasises-personal-responsibility,faq_article,
why-achology-includes-community-course-prices,faq_article,
why-pay-achology-when-free-content-exists,faq_article,
will-clients-take-achology-certificate-seriously,faq_article,
will-employers-recognise-achology-certificate,faq_article,
alec-wells,page,instructor-profile
amelia-a-sinclair,page,instructor-profile
andrew-nelson,page,instructor-profile
benjamin-lockwood,page,instructor-profile
charlotte-j-avery,page,instructor-profile
declan-fitzpatrick,page,instructor-profile
erika-nadeau,page,instructor-profile
evelyn-montgomery,page,instructor-profile
frederick-s-martin,page,instructor-profile
gaby-tzeschlock,page,instructor-profile
gary-kennedy,page,instructor-profile
gerard-egan,page,instructor-profile
isabella-s-whitmore,page,instructor-profile
jackson-p-hartley,page,instructor-profile
jonathon-frost,page,instructor-profile
kain-ramsay,page,instructor-profile
karen-ramsay,page,instructor-profile
