# Population: the 39 published Knowledge Hub pages that gained a Seven Beliefs back-link at S387 (21 author biographies, 17 book notes, 1 field-authority article), and none of the other 3 records on the map: the three help answers were left untouched.
# post_id is blank on every row: no record carries one and no install export came with the brief, so this file keys on post_name. Code fills post_id from the install by post_name before rollout.
# One change per page: one sentence (two on three pages) inserted in the body. body_insert_after_sentence is the exact sentence it follows; on 38 rows it ends that paragraph, on emotional-intelligence-goleman it sits mid-paragraph before 'The real limit is one specific claim.'
# The record on disk in Content Records is the whole source; the 21 biographies' new Search and Citation Brief and four fields are record-only and are not in this file.
post_id,post_name,content_type,address,body_insert_after_sentence,body_inserted_sentence
,abraham-maslow,author-biography,/learn/psychology/articles/abraham-maslow/,"That is a reasonable outcome for a theory its own author treated as a starting hypothesis, never as a finished map.","Our Seven Beliefs series reads him the same way: [Part 1, The Seven Beliefs Achology Is Built On](/learn/psychology/articles/standing-on-the-shoulders-of-giants/) treats his hierarchy as a useful map, never the person, and [Every Human Being Can Grow And Mature](/learn/psychology/articles/can-people-change/) takes from it his view that everyone carries a drive to grow, even when basic needs crowd it out. [Part 8, Personal Growth Always Serves A Purpose](/learn/psychology/articles/sense-of-purpose/) follows his late finding that the most mature people he studied all served a cause outside themselves."
,alfred-adler,author-biography,/learn/psychology/articles/alfred-adler/,"It mostly just stopped needing its own name, because so much of the field quietly adopted its premise as a starting point.","Our Seven Beliefs series is one place where that premise lives on: [Part 8, Personal Growth Always Serves A Purpose](/learn/psychology/articles/sense-of-purpose/) opens with Adler's social interest and his view that work, friendship and love are three ways of contributing to other people, and [Part 9, Seven Beliefs, One Attitude To Life](/learn/psychology/articles/philosophy-of-life/) names social interest as one of the ideas that turn personal growth outwards, towards other people."
,aristotle,author-biography,/learn/wisdom-for-life/articles/aristotle/,"Thomas Aquinas absorbed so much of Aristotle's thinking into Catholic theology that he simply called him ""the Philosopher.""","His thinking on character also runs through our Seven Beliefs series, where [The Seven Beliefs Achology Is Built On](/learn/psychology/articles/standing-on-the-shoulders-of-giants/) names him among its first giants for his claim that people become brave by doing brave things. [Every Human Being Can Grow And Mature](/learn/psychology/articles/can-people-change/) takes his comparison of character to a craft, [Personal Growth Comes Before A Better Life](/learn/psychology/articles/change-your-life-from-the-inside-out/) his view that a good life is something you do, and [Seven Beliefs, One Attitude To Life](/learn/psychology/articles/philosophy-of-life/) names him at the roots of the first and sixth beliefs."
,carl-jung,author-biography,/learn/psychology/articles/carl-jung/,"Jung's whole outlook sits comfortably within Achology's [psychology hub](/learn/psychology/), alongside other thinkers who took the workings of the mind seriously enough to build a whole practice around understanding it.","[Part 3 of our Seven Beliefs series, Self-Knowledge Comes Before Personal Growth](/learn/psychology/articles/know-thyself/) draws on his idea of the shadow, the parts of ourselves we refuse to see, and on individuation, his name for the lifelong work of facing those parts and taking them in."
,charles-duhigg,author-biography,/learn/personal-growth/articles/charles-duhigg/,"He took findings that mostly lived in academic journals, and made them clear for a general reader.","That clarity is why Achology draws on Charles Duhigg too: [Personal Growth Comes Before A Better Life](/learn/psychology/articles/change-your-life-from-the-inside-out/), Part 7 of our Seven Beliefs series, uses his habit loop of cue, routine and reward to show why a resolution fought with willpower alone tends to fade, and why keeping the cue and the reward while swapping in one new routine is more likely to last."
,daniel-goleman,author-biography,/learn/psychology/articles/daniel-goleman/,"They can be taught, and they matter, even as critics keep asking for sharper ways to measure them.","Our Seven Beliefs series builds on that point twice: [Part 3, Self-Knowledge Comes Before Personal Growth](/learn/psychology/articles/know-thyself/) takes from him the idea that self-awareness, noticing a feeling while it is happening, sits at the base of emotional intelligence, and [Part 5, Emotions Can Be Understood And Managed](/learn/psychology/articles/understanding-and-managing-emotions/) uses his case that managing emotions is a skill that can be practised and improved over years."
,erich-fromm,author-biography,/learn/wisdom-for-life/articles/erich-fromm/,"It needs no background in psychoanalysis or social theory to follow, only a willingness to think of love as something you practise rather than something that simply happens to you.","It is also the book our Seven Beliefs series turns to in [Personal Growth Always Serves A Purpose, Part 8 of the series](/learn/psychology/articles/sense-of-purpose/), which takes his claim that love is ""primarily giving, not receiving"" and uses it to suggest that we often find we have something to give only once we start giving."
,erik-erikson,author-biography,/learn/psychology/articles/erik-erikson/,"Used as a loose map of what tends to matter at different points in a life, rather than a fixed path everyone walks the same way, Erikson's framework still earns its keep.","Our Seven Beliefs series reads him that way: [Part 1, The Seven Beliefs Achology Is Built On](/learn/psychology/articles/standing-on-the-shoulders-of-giants/) names his stages as a map, never the person, [Every Human Being Can Grow And Mature](/learn/psychology/articles/can-people-change/) uses them to show that people of 35 and 75 are still growing, and [Part 8, Personal Growth Always Serves A Purpose](/learn/psychology/articles/sense-of-purpose/) draws on generativity, his concern for guiding the next generation."
,gerard-egan,author-biography,/learn/helping-people/articles/gerard-egan/,"It is taught on counselling courses worldwide and sits on reading lists in social work, human services and health.","At Achology, Gerard Egan's work also runs through our Seven Beliefs series: [Self-Knowledge Comes Before Personal Growth](/learn/psychology/articles/know-thyself/) uses his view that a good helper challenges blind spots with respect, [Personal Growth Comes Before A Better Life](/learn/psychology/articles/change-your-life-from-the-inside-out/) follows his three stages towards action, and [Seven Beliefs, One Attitude To Life](/learn/psychology/articles/philosophy-of-life/) names him among the five thinkers closest to the centre of Achology's philosophy."
,howard-gardner,author-biography,/learn/psychology/articles/howard-gardner/,Both things are true at once.,"It is that corrective our Seven Beliefs series draws on in [Part 2, Every Human Being Can Grow And Mature](/learn/psychology/articles/can-people-change/), which uses Gardner's case that intelligence takes several distinct forms to show that one test score is a poor verdict on a child's abilities, most of which it never measured."
,james-allen,author-biography,/learn/personal-growth/articles/james-allen/,"It is regularly named as one of the founding texts of the self-help genre, read well outside the New Thought circles it grew out of.","Our Seven Beliefs series draws on the book in [Part 7, Personal Growth Comes Before A Better Life](/learn/psychology/articles/change-your-life-from-the-inside-out/), which quotes Allen's warning that people are anxious to improve their circumstances but unwilling to improve themselves, and his line that circumstance reveals a person to himself, while disagreeing with his claim that outer conditions always match a person's inner state."
,jean-piaget,author-biography,/learn/psychology/articles/jean-piaget/,It still organises the field.,"That second claim is why [Part 2 of our Seven Beliefs series, Every Human Being Can Grow And Mature](/learn/psychology/articles/can-people-change/), turns to Piaget, using the book he wrote with Bärbel Inhelder, The Psychology of the Child, and his test with juice poured into a tall glass and a wide one, to show that growth moves through stages you can recognise."
,joseph-campbell,author-biography,/learn/general-interest/articles/joseph-campbell/,"Both sit within Achology's [general interest hub](/learn/general-interest/), alongside other writers who looked at the shape of a life from outside psychology's usual toolkit.","Joseph Campbell also has a place in [Part 8 of our Seven Beliefs series, Personal Growth Always Serves A Purpose](/learn/psychology/articles/sense-of-purpose/), which reads the last step of his pattern, the hero coming home to share what was found with the people left behind, as an old picture of the belief that personal growth is meant to serve something beyond yourself."
,judith-s-beck,author-biography,/learn/mental-wellness/articles/judith-s-beck/,"Since her father's death in 2021, she has kept that machinery running on her own.","Judith S. Beck's method reaches Achology's readers too: Part 4 of our Seven Beliefs series, [Wisdom Begins With Accurate Thinking](/learn/psychology/articles/thinking-errors/), sets out her questions from Basics and Beyond for checking an automatic thought, such as what evidence supports it and what goes against it, whether another explanation fits, and what you would say to a friend who had the same thought."
,kain-ramsay,author-biography,/learn/helping-people/articles/kain-ramsay/,They were not being served by anything else.,"Kain Ramsay's teaching also runs through the Seven Beliefs series on Achology's own site. [Your Emotional State Is Your Responsibility](/learn/psychology/articles/emotional-responsibility/) draws on his writing and lectures about taking responsibility for the changes you want, [Personal Growth Comes Before A Better Life](/learn/psychology/articles/change-your-life-from-the-inside-out/) draws on *The Ultimate Life Coaching Handbook* and its picture of coaching as something you practise on your own life before you offer it to others, and [Seven Beliefs, One Attitude To Life](/learn/psychology/articles/philosophy-of-life/) notes that he has taught all five of its central thinkers across Achology's courses."
,martin-seligman,author-biography,/learn/psychology/articles/martin-seligman/,"Positive psychology barely existed as a named field before his 1998 speech; now it is taught, researched and used worldwide, and even PERMA has spread into workplaces that would never call themselves psychological.","Our Seven Beliefs series leans on that work too, and [Personal Growth Always Serves A Purpose, Part 8 of the series](/learn/psychology/articles/sense-of-purpose/), takes meaning, one of his five parts of wellbeing in Flourish, as a scientist's support for the belief that growth serves something bigger than the self."
,plato,author-biography,/learn/wisdom-for-life/articles/plato/,"Whether it is read as a warning or as a demanding thought experiment, it has stayed a text people feel they have to answer, which is itself a measure of how much of the conversation Plato is still setting.","Our Seven Beliefs series is one place where that conversation carries on. [Self-Knowledge Comes Before Personal Growth, Part 3 of the series](/learn/psychology/articles/know-thyself/) takes up the Apology's line that ""the unexamined life is not worth living"" and reads the cave in the Republic as a picture of self-knowledge, and [Wisdom Begins With Accurate Thinking, Part 4](/learn/psychology/articles/thinking-errors/) turns to the moment in the Apology when Socrates finds that his one advantage is knowing what he does not know."
,sigmund-freud,author-biography,/learn/psychology/articles/sigmund-freud/,"Every major school of talk therapy that followed is answering a question Freud asked first, whether it built on his ideas or was founded specifically to reject them.","Our Seven Beliefs series draws on him too, and [Self-Knowledge Comes Before Personal Growth, Part 3 of the series](/learn/psychology/articles/know-thyself/), uses his 1917 line that ""the ego is not master in its own house"", with the defences his daughter Anna later set out, to show how much of a person works out of their own sight."
,thich-nhat-hanh,author-biography,/learn/general-interest/articles/thich-nhat-hanh/,"By the time he died, his community ran nine monasteries and dozens of smaller practice centers across four continents, all teaching the same walking meditation and the same fourteen precepts he had written decades earlier.","Our Seven Beliefs series draws on his teaching twice: [Self-Knowledge Comes Before Personal Growth](/learn/psychology/articles/know-thyself/) uses his advice to wash the dishes for the sake of washing the dishes, giving full attention to what you are doing, and [Emotions Can Be Understood And Managed](/learn/psychology/articles/understanding-and-managing-emotions/) uses his picture of anger as a crying baby that needs to be held with attention."
,viktor-frankl,author-biography,/learn/general-interest/articles/viktor-frankl/,"Logotherapy institutes now operate in dozens of countries across every inhabited continent, and clinicians still train in his two core techniques, paradoxical intention and dereflection.","Viktor Frankl's ideas also run through our Seven Beliefs series, where [Your Emotional State Is Your Responsibility](/learn/psychology/articles/emotional-responsibility/) builds on the last of the human freedoms, the freedom to choose one's attitude, [Personal Growth Always Serves A Purpose](/learn/psychology/articles/sense-of-purpose/) builds on his view that a person finds meaning by reaching beyond themselves, and [Seven Beliefs, One Attitude To Life](/learn/psychology/articles/philosophy-of-life/) counts him among the five thinkers closest to the centre of Achology's view of life."
,william-james,author-biography,/learn/psychology/articles/william-james/,"That quiet, uncredited survival is its own kind of tribute.","Our Seven Beliefs series credits him by name, and [Every Human Being Can Grow And Mature, Part 2 of the series](/learn/psychology/articles/can-people-change/), sets his warning from the habit chapter of The Principles of Psychology, that by thirty most of us have a character ""set like plaster"", beside his practical rules for building a new habit."
,a-guide-to-rational-living,book-note,/learn/mental-wellness/book-notes/a-guide-to-rational-living/,"Ellis and Harper returned to this same book in 1975, revising and expanding it as [A New Guide to Rational Living](/learn/mental-wellness/book-notes/a-new-guide-to-rational-living/), which is the edition most readers buy today.","Our Seven Beliefs series uses the original book twice: [Wisdom Begins With Accurate Thinking](/learn/psychology/articles/thinking-errors/) takes its case that rigid musts and shoulds cause much upset, and [Your Emotional State Is Your Responsibility](/learn/psychology/articles/emotional-responsibility/) takes its argument that people upset themselves mostly through the views they take."
,an-exploration-of-the-pygmalion-effect-experiment-on-expectations,field-authority-article,/learn/general-interest/articles/an-exploration-of-the-pygmalion-effect-experiment-on-expectations/,"Give it only as much weight as it deserves, for exactly as long as it takes to gather real evidence.","[Every Human Being Can Grow And Mature](/learn/psychology/articles/can-people-change/), Part 2 of our Seven Beliefs series, weighs this study with that kind of care, accepting that later researchers found the effect smaller than the popular version suggests while keeping the question it raises: how much does what we expect of a person shape the chances we give them?"
,as-a-man-thinketh,book-note,/learn/personal-growth/book-notes/as-a-man-thinketh/,"Reading Allen honestly means taking the part of his claim that holds, and leaving the part that does not.","Part 7 of our Seven Beliefs series, [Personal Growth Comes Before A Better Life](/learn/psychology/articles/change-your-life-from-the-inside-out/), reads Allen that way, keeping his warning that improving your circumstances without improving yourself leaves you where you started, while doubting that outer conditions always match the inner state."
,childhood-and-society,book-note,/learn/psychology/book-notes/childhood-and-society/,"That turns this note into something usable rather than trivia, not the vague sense that you should simply cope better.","Our Seven Beliefs series draws on the same eight stages in [Every Human Being Can Grow And Mature](/learn/psychology/articles/can-people-change/), where Erikson's task for every age, from learning to trust in infancy to making peace with a life lived, shows that a woman of 35 and a man of 75 are both still working through a stage of their own."
,cognitive-behavior-therapy-second-edition,book-note,/learn/psychology/book-notes/cognitive-behavior-therapy-second-edition/,"Write down the situation, the automatic thought, the feeling it produced, and one honest piece of evidence against the thought, for a single recurring worry this week.","[Part 4 of our Seven Beliefs series, Wisdom Begins With Accurate Thinking](/learn/psychology/articles/thinking-errors/), uses this book's questions to test a thought, such as what backs it up and what goes against it."
,emotional-intelligence-goleman,book-note,/learn/psychology/book-notes/emotional-intelligence-goleman/,"Goleman was right that emotional skills are real, learnable, and matter for how a life goes, and that part has held up well.","That is the part our Seven Beliefs series relies on: [Self-Knowledge Comes Before Personal Growth](/learn/psychology/articles/know-thyself/) takes Goleman's point that nobody can manage a feeling they have not noticed, and [Emotions Can Be Understood And Managed](/learn/psychology/articles/understanding-and-managing-emotions/) takes his five domains and his argument that managing emotions is a skill you can practise and improve over years."
,frames-of-mind,book-note,/learn/psychology/book-notes/frames-of-mind/,It says nothing reliable about the others.,"[Every Human Being Can Grow And Mature, Part 2 of our Seven Beliefs series](/learn/psychology/articles/can-people-change/), uses Gardner's case to show how a school that treats one test score as the final word on a child teaches that child their abilities are fixed, when most of them have never been measured at all."
,games-people-play,book-note,/learn/psychology/book-notes/games-people-play/,"When you catch yourself in a Parent voice, lecturing rather than listening, or a Child voice, reacting rather than choosing, you have a real chance to shift to Adult and respond to what is actually happening.","[Self-Knowledge Comes Before Personal Growth, Part 3 of our Seven Beliefs series](/learn/psychology/articles/know-thyself/), draws on this book's games and on Berne's three ego states to show how noticing which state you are speaking from gives you a chance to step out of a script that may have run for years."
,mans-search-for-meaning,book-note,/learn/psychology/book-notes/mans-search-for-meaning/,"The third route is the one most available on an ordinary bad day, when nothing about the situation itself can be changed.","Our Seven Beliefs series uses this book three times: [Your Emotional State Is Your Responsibility](/learn/psychology/articles/emotional-responsibility/) builds on the freedom to choose your attitude, [Personal Growth Always Serves A Purpose](/learn/psychology/articles/sense-of-purpose/) builds on his idea that meaning is found by reaching beyond yourself, and [Seven Beliefs, One Attitude To Life](/learn/psychology/articles/philosophy-of-life/) names him among the five thinkers closest to the centre of Achology's philosophy of life."
,the-farther-reaches-of-human-nature,book-note,/learn/psychology/book-notes/the-farther-reaches-of-human-nature/,"Koltko-Rivera's 2006 paper did exactly that, without discarding what Maslow had glimpsed first.","Our Seven Beliefs series follows that tidier reading twice: [Personal Growth Always Serves A Purpose](/learn/psychology/articles/sense-of-purpose/) quotes Maslow's finding that the most mature people he studied were all involved in a cause outside their own skin, and [Seven Beliefs, One Attitude To Life](/learn/psychology/articles/philosophy-of-life/) shows how that reading, with self-transcendence placed above self-actualisation, helps turn growth outwards, towards other people."
,the-nicomachean-ethics,book-note,/learn/wisdom-for-life/book-notes/the-nicomachean-ethics/,The Nicomachean Ethics survives that correction better than most books its age could hope to.,"Our Seven Beliefs series works from this book twice: [Every Human Being Can Grow And Mature](/learn/psychology/articles/can-people-change/) takes Aristotle's comparison of good character to a craft, learned by doing in the way builders learn by building, and [Personal Growth Comes Before A Better Life](/learn/psychology/articles/change-your-life-from-the-inside-out/) takes his view that a good life is an activity carried on day after day, since one swallow does not make a summer."
,the-republic-plato,book-note,/learn/wisdom-for-life/book-notes/the-republic-plato/,"People are chained since childhood, watching shadows on a wall and mistaking them for the whole of reality, until one is dragged into daylight and has to learn, painfully, to see the sun.","Part 3 of our Seven Beliefs series, [Self-Knowledge Comes Before Personal Growth](/learn/psychology/articles/know-thyself/), takes the Cave, in a reading of its own, as a picture of the first honest look at yourself, which usually hurts in the way the light first hurts the freed prisoner's eyes."
,the-six-pillars-of-self-esteem,book-note,/learn/personal-growth/book-notes/the-six-pillars-of-self-esteem/,"Our own [piece on which personal growth traits the evidence actually backs](/learn/personal-growth/articles/essential-character-traits-for-personal-growth-and-development/) is a useful next stop, since it applies the same honest, evidence-checked approach to the wider traits people build a life on.","Branden's own ideas also carry on in Part 6 of our Seven Beliefs series, [Your Emotional State Is Your Responsibility](/learn/psychology/articles/emotional-responsibility/), which picks up his third pillar, the practice of owning your choices and your actions, and shows how that practice helps you come to respect yourself."
,the-skilled-helper,book-note,/learn/helping-people/book-notes/the-skilled-helper/,"Applied at home or at work, that one distinction prevents most of the damage well-meant honesty does.","Our Seven Beliefs series draws on Egan in three places: [Self-Knowledge Comes Before Personal Growth](/learn/psychology/articles/know-thyself/) uses his respectful challenge of blind spots, and both [Personal Growth Comes Before A Better Life](/learn/psychology/articles/change-your-life-from-the-inside-out/) and [Seven Beliefs, One Attitude To Life](/learn/psychology/articles/philosophy-of-life/) build on his three questions."
,the-ultimate-life-coaching-handbook,book-note,/learn/helping-people/book-notes/the-ultimate-life-coaching-handbook/,Most people find their own examples faster than they expect to.,"Part 7 of our Seven Beliefs series, [Personal Growth Comes Before A Better Life](/learn/psychology/articles/change-your-life-from-the-inside-out/), draws on this handbook for that same order, presenting life coaching as something anyone can learn and practise in their own life before they offer it to others."
,thinking-fast-and-slow,book-note,/learn/psychology/book-notes/thinking-fast-and-slow/,No training in economics is needed to use it.,"Part 4 of our Seven Beliefs series, [Wisdom Begins With Accurate Thinking](/learn/psychology/articles/thinking-errors/), puts his two systems to work on a one-word email, showing how the fast mind builds a whole story from almost nothing and why feeling sure tells you very little about being right."
,what-life-could-mean-to-you,book-note,/learn/psychology/book-notes/what-life-could-mean-to-you/,Adler's claim is that only the second kind resolves anything.,"Part 8 of our Seven Beliefs series, [Personal Growth Always Serves A Purpose](/learn/psychology/articles/sense-of-purpose/), begins with Adler and this book, drawing on his idea of social interest and on his view of the great tasks of adult life as ways of contributing to other people."
,a-way-of-being,book-note,/learn/psychology/book-notes/a-way-of-being/,"Many counselling and coaching courses still teach its three conditions today, sometimes without even naming Rogers.","The book also sits behind [Part 2 of our Seven Beliefs series, Every Human Being Can Grow And Mature](/learn/psychology/articles/can-people-change/), which draws on its argument that the drive to grow belongs to every living thing and survives even in conditions that seem to have crushed it."
