# Population: the 135 course 018 quote records whose SEO title now opens with its focus keyword, changed at S388; and none of the other 65 (46 already opened with it, 19 left unchanged because the keyword cannot open a natural title, listed in the DONE).
# post_id is blank: no record carries one and no install export came with the brief, so this file keys on post_name. Code fills post_id from the install. One change per row: rm_seo_title only.
post_id,post_name,record_file,rm_focus_keyword,rm_seo_title_old,rm_seo_title_new
,why-unmet-expectations-hurt-more-than-results,CQ018-002-1__why-unmet-expectations-hurt-more-than-results.md,unmet expectations,Why Unmet Expectations Hurt More Than Results,Unmet Expectations: Why They Hurt More Than Results
,why-wanting-what-you-lack-can-lead-to-sadness,CQ018-002-2__why-wanting-what-you-lack-can-lead-to-sadness.md,wanting what you lack,Why Wanting What You Lack Can Lead to Sadness,Wanting What You Lack and Why It Leads to Sadness
,why-maturity-means-severing-our-dependency-on-other-people,CQ018-002-3__why-maturity-means-severing-our-dependency-on-other-people.md,severing our dependency on other people,Why Severing Our Dependency on Other People Matters,Severing Our Dependency on Other People: A Sign of Maturity
,why-life-is-a-constant-process-of-deciding,CQ018-002-4__why-life-is-a-constant-process-of-deciding.md,constant process of deciding,Why Life Is A Constant Process Of Deciding,Constant Process of Deciding: Why Life Is Made of Choices
,why-we-end-up-going-round-and-round-in-circles,CQ018-003-1__why-we-end-up-going-round-and-round-in-circles.md,going round and round in circles,Why We End Up Going Round And Round In Circles,Going Round and Round in Circles: Why We Get Stuck
,why-unawareness-in-life-is-slavery,CQ018-004-1__why-unawareness-in-life-is-slavery.md,unawareness in life is slavery,"Why Unawareness In Life Is Slavery, Kain Ramsay Says","Unawareness in Life Is Slavery, Kain Ramsay Explains"
,why-we-become-masters-of-our-own-destiny,CQ018-004-2__why-we-become-masters-of-our-own-destiny.md,masters of our own destiny,Why We Become Masters Of Our Own Destiny,Masters of Our Own Destiny: How We Get There
,why-thinking-like-a-winner-is-where-it-starts,CQ018-005-1__why-thinking-like-a-winner-is-where-it-starts.md,thinking like a winner,Why Thinking Like a Winner Is Where It Starts,Thinking Like a Winner Is Where It Starts
,why-we-must-stay-committed-to-the-process-of-personal-growth,CQ018-005-2__why-we-must-stay-committed-to-the-process-of-personal-growth.md,committed to the process of personal growth,Why Committed to the Process of Personal Growth Matters,Committed to the Process of Personal Growth: Why It Matters
,why-we-behave-out-of-what-we-believe,CQ018-005-3__why-we-behave-out-of-what-we-believe.md,we behave out of what we believe,Why We Behave Out of What We Believe,We Behave Out of What We Believe: How Beliefs Drive Action
,why-emotions-are-not-illnesses-to-be-fixed,CQ018-006-1__why-emotions-are-not-illnesses-to-be-fixed.md,emotions are not illnesses,Why Emotions Are Not Illnesses to Be Fixed,Emotions Are Not Illnesses to Be Fixed
,why-fulfillment-is-better-than-happiness,CQ018-006-2__why-fulfillment-is-better-than-happiness.md,fulfillment is better than happiness,Why Fulfillment Is Better Than Happiness,"Fulfillment Is Better Than Happiness, and Here's Why"
,why-happiness-is-not-a-strong-motivator,CQ018-007-1__why-happiness-is-not-a-strong-motivator.md,happiness is not a strong motivator,Why Happiness Is Not a Strong Motivator,Happiness Is Not a Strong Motivator: What Moves Us Instead
,why-the-wisest-response-is-to-consider-and-reflect,CQ018-007-2__why-the-wisest-response-is-to-consider-and-reflect.md,consider and reflect,Why the Wisest Response Is to Consider and Reflect,Consider and Reflect: Why It Is the Wisest Response
,why-making-no-decision-is-still-a-decision,CQ018-008-1__why-making-no-decision-is-still-a-decision.md,making no decision is still a decision,Why Making No Decision Is Still a Decision,Making No Decision Is Still a Decision With Consequences
,why-you-have-to-let-go-of-what-youre-holding-onto,CQ018-008-2__why-you-have-to-let-go-of-what-youre-holding-onto.md,let go of what you're holding onto,Why You Have to Let Go of What You're Holding Onto,Let Go of What You're Holding Onto: Why It Has to Happen
,why-theres-a-limit-to-how-much-change-people-can-handle,CQ018-009-1__why-theres-a-limit-to-how-much-change-people-can-handle.md,how much change people can handle,Why How Much Change People Can Handle Has a Limit,"How Much Change People Can Handle, and Why There's a Limit"
,why-people-respond-to-assumptions-not-your-intentions,CQ018-009-2__why-people-respond-to-assumptions-not-your-intentions.md,assumptions not your intentions,Why We Respond to Assumptions Not Your Intentions,Assumptions Not Your Intentions Drive How People Respond
,why-you-are-not-obligated-to-give-your-time,CQ018-010-1__why-you-are-not-obligated-to-give-your-time.md,not obligated to give your time,Why You Are Not Obligated to Give Your Time,Not Obligated to Give Your Time: Why Saying No Is Fine
,why-the-people-we-let-into-our-lives-matter-most,CQ018-010-2__why-the-people-we-let-into-our-lives-matter-most.md,people we let into our lives,Why the People We Let Into Our Lives Matter,People We Let Into Our Lives and Why They Matter Most
,why-theres-a-consequence-for-every-action-or-inaction,CQ018-012-1__why-theres-a-consequence-for-every-action-or-inaction.md,consequence for every action or inaction,Why Consequence for Every Action or Inaction Follows,Consequence for Every Action or Inaction: What It Means
,why-we-relate-to-other-imperfect-human-beings,CQ018-013-2__why-we-relate-to-other-imperfect-human-beings.md,relate to other imperfect human beings,Why We Relate to Other Imperfect Human Beings,Relate to Other Imperfect Human Beings by Admitting Flaws
,why-we-can-listen-to-someone-without-hearing-them,CQ018-013-3__why-we-can-listen-to-someone-without-hearing-them.md,listen to someone without hearing them,Why We Can Listen to Someone Without Hearing Them,Listen to Someone Without Hearing Them? Why We All Do It
,why-we-can-grow-in-intellect-without-growing-in-character,CQ018-014-1__why-we-can-grow-in-intellect-without-growing-in-character.md,grow in intellect without growing in character,Why Grow in Intellect Without Growing in Character,Grow in Intellect Without Growing in Character: The Risk
,why-self-awareness-precedes-all-personal-growth,CQ018-015-1__why-self-awareness-precedes-all-personal-growth.md,self-awareness precedes all personal growth,Why Self-Awareness Precedes All Personal Growth,Self-Awareness Precedes All Personal Growth: Here's Why
,why-profound-personal-growth-happens-in-private,CQ018-015-2__why-profound-personal-growth-happens-in-private.md,personal growth happens in private,Why Profound Personal Growth Happens in Private,Personal Growth Happens in Private When It Is Profound
,why-we-keep-looking-one-level-deeper-than-you-need,CQ018-016-1__why-we-keep-looking-one-level-deeper-than-you-need.md,looking one level deeper than you need,Why Looking One Level Deeper Than You Need Backfires,Looking One Level Deeper Than You Need and Why It Backfires
,why-change-is-only-one-new-habit-away,CQ018-017-1__why-change-is-only-one-new-habit-away.md,one new habit away,Why Change Is Only One New Habit Away,One New Habit Away: Why Change Is Closer Than You Think
,why-most-of-your-thoughts-are-not-true,CQ018-017-2__why-most-of-your-thoughts-are-not-true.md,not true,Why Most of Your Thoughts Are Not True,Not True: Why Most of Your Thoughts Can't Be Trusted
,why-we-miss-the-inner-dialogues-that-go-on-inside,CQ018-017-3__why-we-miss-the-inner-dialogues-that-go-on-inside.md,inner dialogues that go on inside,Why We Miss the Inner Dialogues That Go On Inside,Inner Dialogues That Go On Inside and Why We Miss Them
,why-change-becomes-greater-than-the-desire-to-remain-the-same,CQ018-018-1__why-change-becomes-greater-than-the-desire-to-remain-the-same.md,change becomes greater than the desire,Why Change Becomes Greater Than the Desire to Stay the Same,Change Becomes Greater Than the Desire to Stay the Same
,why-self-pity-is-powerless,CQ018-018-2__why-self-pity-is-powerless.md,self-pity is powerless,Why Self-Pity Is Powerless,Self-Pity Is Powerless and Why It Keeps Us Stuck
,why-the-only-control-we-have-is-how-we-choose-to-respond,CQ018-019-1__why-the-only-control-we-have-is-how-we-choose-to-respond.md,how we choose to respond,Why How We Choose to Respond Is All We Control,How We Choose to Respond Is All We Control
,why-anxiety-comes-about-when-we-are-scared,CQ018-019-2__why-anxiety-comes-about-when-we-are-scared.md,anxiety comes about when we are scared,Why Anxiety Comes About When We Are Scared,Anxiety Comes About When We Are Scared: What That Means
,why-we-are-not-creating-space-for-people-to-grow,CQ018-020-1__why-we-are-not-creating-space-for-people-to-grow.md,not creating space for people to grow,Why We Are Not Creating Space for People to Grow,Not Creating Space for People to Grow: What It Costs
,why-all-growth-is-relational,CQ018-021-1__why-all-growth-is-relational.md,all growth is relational,Why All Growth Is Relational,All Growth Is Relational: Why We Can't Grow Alone
,why-something-being-called-therapy-doesnt-make-it-helpful,CQ018-021-2__why-something-being-called-therapy-doesnt-make-it-helpful.md,being called therapy doesn't make it helpful,Why Being Called Therapy Doesn't Make It Helpful,Being Called Therapy Doesn't Make It Helpful to Anyone
,why-were-not-entitled-to-anything,CQ018-023-1__why-were-not-entitled-to-anything.md,we're not entitled to anything,Why We're Not Entitled to Anything,"We're Not Entitled to Anything, However Fair It Feels"
,why-techniques-are-the-lazy-persons-sport,CQ018-024-1__why-techniques-are-the-lazy-persons-sport.md,techniques are the lazy person's sport,Why Techniques Are the Lazy Person's Sport,Techniques Are the Lazy Person's Sport: What Works Instead
,why-our-thoughts-create-feelings,CQ018-024-2__why-our-thoughts-create-feelings.md,our thoughts create feelings,Why Our Thoughts Create Feelings,Our Thoughts Create Feelings: How the Link Works
,why-unwillingness-disguised-as-inability,CQ018-025-2__why-unwillingness-disguised-as-inability.md,unwillingness disguised as inability,Why Unwillingness Disguised as Inability,Unwillingness Disguised as Inability Holds People Back
,why-congruency-means-being-reflective-of-our-values,CQ018-025-3__why-congruency-means-being-reflective-of-our-values.md,reflective of our values,Why Being Reflective of Our Values Is Congruency,Reflective of Our Values: What Congruency Means
,why-mistakes-are-not-the-most-effective-way,CQ018-025-4__why-mistakes-are-not-the-most-effective-way.md,the most effective way,Why Mistakes Are Not The Most Effective Way,The Most Effective Way Is Rarely the First Attempt
,why-we-dont-know-we-have-a-choice,CQ018-026-1__why-we-dont-know-we-have-a-choice.md,we don't know we have a choice,Why We Don't Know We Have A Choice At First,We Don't Know We Have a Choice Until We Grow Into It
,why-the-desire-to-change-must-outweigh-staying,CQ018-027-1__why-the-desire-to-change-must-outweigh-staying.md,desire to change,Why The Desire To Change Must Outweigh Staying,Desire to Change: Why It Must Outweigh Staying the Same
,why-complete-control-of-our-lives-begins-with-awareness,CQ018-028-1__why-complete-control-of-our-lives-begins-with-awareness.md,complete control of our lives,Why Complete Control Of Our Lives Begins With Awareness,Complete Control of Our Lives Begins With Awareness
,why-every-emotion-is-triggered-by-a-thought,CQ018-029-1__why-every-emotion-is-triggered-by-a-thought.md,triggered by a thought,Why Every Emotion Is Triggered By A Thought,Triggered by a Thought: Why Every Emotion Starts There
,why-the-pattern-of-thinking-determines-our-emotional-state,CQ018-031-1__why-the-pattern-of-thinking-determines-our-emotional-state.md,the pattern of thinking,Why The Pattern Of Thinking Determines Our Emotional State,The Pattern of Thinking That Shapes Our Emotional State
,why-the-caliber-of-the-relationships-we-build-is-a-choice,CQ018-032-1__why-the-caliber-of-the-relationships-we-build-is-a-choice.md,the caliber of the relationships,Why The Caliber Of The Relationships We Build Is A Choice,The Caliber of the Relationships We Build Is a Choice
,why-we-build-the-foundations-of-our-life-on-facts,CQ018-033-1__why-we-build-the-foundations-of-our-life-on-facts.md,the foundations of our life,Why We Build The Foundations Of Our Life On Facts,The Foundations of Our Life: Why Facts Must Come First
,why-congruence-gives-us-a-basis-for-trust,CQ018-034-1__why-congruence-gives-us-a-basis-for-trust.md,a basis for trust,Why Congruence Gives Us A Basis For Trust,A Basis for Trust: Why Congruence Matters
,why-we-cant-occupy-two-spaces-at-the-same-time,CQ018-035-1__why-we-cant-occupy-two-spaces-at-the-same-time.md,we can't occupy two spaces,Why We Can't Occupy Two Spaces At Once | Kain Ramsay,We Can't Occupy Two Spaces at the Same Time | Kain Ramsay
,why-our-degree-of-relatability-depends-on-objectivity,CQ018-035-2__why-our-degree-of-relatability-depends-on-objectivity.md,our degree of relatability,Why Our Degree Of Relatability Depends On Objectivity,Our Degree of Relatability Depends on Objectivity
,why-every-war-begins-in-the-mind,CQ018-036-1__why-every-war-begins-in-the-mind.md,war begins in the mind,Why Every War Begins in the Mind First,War Begins in the Mind Long Before Any History Book
,why-the-brain-can-change-what-it-learned,CQ018-036-2__why-the-brain-can-change-what-it-learned.md,the brain can change,Why the Brain Can Change What It Learned,The Brain Can Change What It Once Learned
,why-were-clean-slates-when-we-enter-the-world,CQ018-037-1__why-were-clean-slates-when-we-enter-the-world.md,we're clean slates,Why We're Clean Slates When We Enter The World,We're Clean Slates When We Enter the World
,understanding-the-dialogue-inside-of-our-minds,CQ018-038-1__understanding-the-dialogue-inside-of-our-minds.md,dialogue inside of our minds,Understanding The Dialogue Inside Of Our Minds | Kain Ramsay,Dialogue Inside of Our Minds: How to Understand It
,why-people-determine-the-rules-that-they-live-by,CQ018-039-2__why-people-determine-the-rules-that-they-live-by.md,rules that they live by,Why People Determine The Rules That They Live By,Rules That They Live By: Why People Set Their Own
,until-problems-have-owners-they-never-go-away,CQ018-040-1__until-problems-have-owners-they-never-go-away.md,problems have owners,"Until Problems Have Owners, They Never Go Away | Kain Ramsay","Problems Have Owners, or They Never Go Away | Kain Ramsay"
,the-desire-to-change-becomes-greater,CQ018-041-1__the-desire-to-change-becomes-greater.md,desire to change becomes greater,The Desire To Change Becomes Greater,Desire to Change Becomes Greater Than Staying the Same
,being-completely-honest-about-ourselves,CQ018-041-2__being-completely-honest-about-ourselves.md,completely honest about ourselves,Being Completely Honest About Ourselves,Completely Honest About Ourselves: What It Takes
,why-truth-is-rarely-convenient-for-anyone,CQ018-042-1__why-truth-is-rarely-convenient-for-anyone.md,truth is rarely convenient,Why Truth Is Rarely Convenient for Anyone,Truth Is Rarely Convenient for Anyone: Why We Avoid It
,why-personal-responsibility-comes-first,CQ018-042-2__why-personal-responsibility-comes-first.md,personal responsibility comes first,Why Personal Responsibility Comes First,Personal Responsibility Comes First: Why It Matters
,why-being-at-peace-with-other-people-starts-within,CQ018-044-1__why-being-at-peace-with-other-people-starts-within.md,at peace with other people,Why Being At Peace With Other People Starts Within,At Peace With Other People: Why It Starts Within
,why-self-acceptance-has-got-to-be-our-goal-in-life,CQ018-044-2__why-self-acceptance-has-got-to-be-our-goal-in-life.md,self-acceptance has got to be our goal in life,Why Self-Acceptance Has Got To Be Our Goal In Life,Self-Acceptance Has Got to Be Our Goal in Life
,why-labels-are-for-tin-cans,CQ018-045-1__why-labels-are-for-tin-cans.md,labels are for tin cans,"Why Labels Are for Tin Cans, Not People","Labels Are for Tin Cans, Not People"
,why-identity-is-the-mask-people-wear,CQ018-045-2__why-identity-is-the-mask-people-wear.md,the mask people wear,Why Identity Is the Mask People Wear,The Mask People Wear: Identity Chosen for Effect
,what-it-means-to-see-yourself-as-being-better-than-another,CQ018-046-1__what-it-means-to-see-yourself-as-being-better-than-another.md,being better than another,Seeing Yourself As Being Better Than Another,Being Better Than Another: Everyday Discrimination
,why-its-wise-to-cut-out-the-unhealthy-relationships,CQ018-046-2__why-its-wise-to-cut-out-the-unhealthy-relationships.md,cut out the unhealthy relationships,It's Wise To Cut Out The Unhealthy Relationships,Cut Out the Unhealthy Relationships: Why It's Wise
,how-we-become-unrelatable-to-others,CQ018-047-1__how-we-become-unrelatable-to-others.md,become unrelatable to others,How We Become Unrelatable To Others,Become Unrelatable to Others by Seeming Flawless
,the-difference-you-can-actually-make,CQ018-047-2__the-difference-you-can-actually-make.md,difference you can actually make,The Difference You Can Actually Make,Difference You Can Actually Make for One Real Person
,why-so-few-people-transcend-beyond-self-actualization,CQ018-048-2__why-so-few-people-transcend-beyond-self-actualization.md,transcend beyond self-actualization,Why So Few Transcend Beyond Self-Actualization,Transcend Beyond Self-Actualization: Why So Few Do
,why-you-cannot-guide-others-beyond-your-own-stage,CQ018-049-1__why-you-cannot-guide-others-beyond-your-own-stage.md,beyond your own stage,Why You Cannot Guide Others Beyond Your Own Stage,Beyond Your Own Stage: Why You Cannot Guide Others There
,why-personal-growth-is-rarely-a-joyous-process,CQ018-050-1__why-personal-growth-is-rarely-a-joyous-process.md,personal growth is rarely a joyous process,Why Personal Growth Is Rarely A Joyous Process,Personal Growth Is Rarely a Joyous Process: Why It Hurts
,why-the-future-is-not-simply-a-repeat-of-the-past,CQ018-054-2__why-the-future-is-not-simply-a-repeat-of-the-past.md,a repeat of the past,Why The Future Is Not Simply A Repeat Of The Past,A Repeat of the Past? Why the Future Doesn't Have to Be
,why-our-beliefs-are-based-upon-our-past-experiences,CQ018-054-3__why-our-beliefs-are-based-upon-our-past-experiences.md,based upon our past experiences,Why Beliefs Are Based Upon Our Past Experiences,Based Upon Our Past Experiences: How Beliefs Form
,the-only-area-with-any-freedom-whatsoever,CQ018-055-1__the-only-area-with-any-freedom-whatsoever.md,any freedom whatsoever,The Only Area With Any Freedom Whatsoever,Any Freedom Whatsoever: The Only Area Where We Have It
,why-responsibility-starts-with-you,CQ018-056-1__why-responsibility-starts-with-you.md,responsibility starts with you,Why Responsibility Starts With You,Responsibility Starts With You: What That Asks of Us
,nothing-happens-without-our-full-consent,CQ018-056-2__nothing-happens-without-our-full-consent.md,without our full consent,Nothing Happens Without Our Full Consent,"Without Our Full Consent, Nothing Can Happen"
,why-everyone-has-a-choice-to-change,CQ018-062-1__why-everyone-has-a-choice-to-change.md,everyone has a choice,Why Everyone Has A Choice To Change,"Everyone Has a Choice to Change, Whatever the Circumstance"
,why-our-beliefs-are-just-guesses-or-ideas-at-best,CQ018-063-1__why-our-beliefs-are-just-guesses-or-ideas-at-best.md,guesses or ideas at best,Why Our Beliefs Are Just Guesses Or Ideas At Best,Guesses or Ideas at Best: Why Our Beliefs Are Provisional
,why-so-few-of-us-actually-know-what-we-believe,CQ018-063-2__why-so-few-of-us-actually-know-what-we-believe.md,what we believe,Why So Few Of Us Actually Know What We Believe,What We Believe and Why So Few of Us Know It
,why-we-assume-that-what-we-think-is-true,CQ018-064-1__why-we-assume-that-what-we-think-is-true.md,what we think is true,Why We Assume That What We Think Is True,What We Think Is True and Why We Assume It
,why-we-have-a-problem-with-our-sad-memories,CQ018-064-2__why-we-have-a-problem-with-our-sad-memories.md,problem with our sad memories,Why We Have A Problem With Our Sad Memories,Problem With Our Sad Memories: Why We Resist Them
,why-perception-is-not-reality,CQ018-065-1__why-perception-is-not-reality.md,perception is not reality,Why Perception Is Not Reality,Perception Is Not Reality: What That Means for You
,why-emotions-reflect-our-perception,CQ018-065-2__why-emotions-reflect-our-perception.md,emotions reflect our perception,Why Emotions Reflect Our Perception,"Emotions Reflect Our Perception, Not the Events Themselves"
,why-youre-only-one-mind-change-away-from-feeling-different,CQ018-066-1__why-youre-only-one-mind-change-away-from-feeling-different.md,one mind change away,Why You're Only One Mind Change Away From Feeling Different,One Mind Change Away From Feeling Different
,why-changing-perception-will-change-how-we-relate-to-it,CQ018-066-2__why-changing-perception-will-change-how-we-relate-to-it.md,how we relate to it,Changing Perception Changes How We Relate To It,How We Relate to It Changes When Perception Changes
,what-it-means-when-they-say-they-dont-like-you,CQ018-067-1__what-it-means-when-they-say-they-dont-like-you.md,they don't like you,What It Means When They Say They Don't Like You,They Don't Like You: What It Means When People Say So
,living-life-defined-by-labels-that-they-assign,CQ018-071-2__living-life-defined-by-labels-that-they-assign.md,labels that they assign,Living Life Defined By Labels That They Assign,Labels That They Assign: Living Life Defined by Others
,what-it-means-to-be-human-beings-not-human-doings,CQ018-072-1__what-it-means-to-be-human-beings-not-human-doings.md,not human doings,"What It Means To Be Human Beings, Not Human Doings",Not Human Doings: What It Means to Be Human Beings
,why-accepting-who-we-are-ends-despair,CQ018-073-1__why-accepting-who-we-are-ends-despair.md,accepting who we are,Why Accepting Who We Are Ends Despair,Accepting Who We Are: Why It Ends Despair
,why-a-low-opinion-of-yourself-causes-offence,CQ018-073-2__why-a-low-opinion-of-yourself-causes-offence.md,low opinion of yourself,Why a Low Opinion of Yourself Causes Offence,Low Opinion of Yourself: Why It Causes Offence
,why-we-are-one-decision-away-from-making-complete-peace-with-ourselves,CQ018-073-4__why-we-are-one-decision-away-from-making-complete-peace-with-ourselves.md,making complete peace with ourselves,Why Making Complete Peace with Ourselves Is Closer,Making Complete Peace With Ourselves Is One Decision Away
,why-its-easier-to-diagnose-people-than-to-understand-them,CQ018-074-1__why-its-easier-to-diagnose-people-than-to-understand-them.md,easier to diagnose people,Why It's Easier to Diagnose People Than to Understand Them,Easier to Diagnose People Than to Understand Them
,why-being-real-starts-with-understanding-yourself,CQ018-075-1__why-being-real-starts-with-understanding-yourself.md,being real starts with understanding yourself,Why Being Real Starts With Understanding Yourself,Being Real Starts With Understanding Yourself
,why-people-pleasing-is-false-friendliness,CQ018-076-1__why-people-pleasing-is-false-friendliness.md,people-pleasing is false friendliness,Why People-Pleasing Is False Friendliness,People-Pleasing Is False Friendliness: What Lies Beneath
,why-were-all-perfectly-imperfect,CQ018-078-1__why-were-all-perfectly-imperfect.md,all perfectly imperfect,Why We're All Perfectly Imperfect,All Perfectly Imperfect: Why Every One of Us Is
,why-not-everyone-wants-you-to-grow,CQ018-080-1__why-not-everyone-wants-you-to-grow.md,not everyone wants you,Why Not Everyone Wants You to Grow,"Not Everyone Wants You to Grow, and It's Rarely About You"
,why-belief-drives-your-wellbeing,CQ018-081-1__why-belief-drives-your-wellbeing.md,belief drives your wellbeing,Why Belief Drives Your Wellbeing,Belief Drives Your Wellbeing: What the Research Shows
,why-being-positively-influential-over-other-people-requires-nothing-in-return,CQ018-081-2__why-being-positively-influential-over-other-people-requires-nothing-in-return.md,positively influential over other people,Why Being Positively Influential Over Other People,Positively Influential Over Other People: What It Takes
,choosing-to-be-part-of-the-solution,CQ018-082-2__choosing-to-be-part-of-the-solution.md,part of the solution,Choosing To Be Part Of The Solution,Part of the Solution: Why Choosing It Matters
,why-not-every-thought-is-a-universal-truth,CQ018-083-1__why-not-every-thought-is-a-universal-truth.md,universal truth,Why Not Every Thought Is A Universal Truth,Universal Truth? Why Not Every Thought Is One
,what-it-means-to-keep-going-round-in-circles,CQ018-084-2__what-it-means-to-keep-going-round-in-circles.md,going round in circles,What It Means To Keep Going Round In Circles,Going Round in Circles: Life Without a Real Vision
,why-mutual-respect-decides-if-a-relationship-survives,CQ018-086-1__why-mutual-respect-decides-if-a-relationship-survives.md,mutual respect,Why Mutual Respect Decides If A Relationship Survives,Mutual Respect Decides If a Relationship Survives
,why-you-cant-trust-a-scared-person,CQ018-086-2__why-you-cant-trust-a-scared-person.md,trust a scared person,Why You Can't Trust A Scared Person,Trust a Scared Person? Why Fear Makes It Hard
,why-trust-is-the-foundation-of-every-relationship,CQ018-087-1__why-trust-is-the-foundation-of-every-relationship.md,trust is the foundation,Why Trust Is The Foundation Of Every Relationship,Trust Is the Foundation of Every Relationship
,how-learning-from-mistakes-makes-you-more-valuable,CQ018-087-2__how-learning-from-mistakes-makes-you-more-valuable.md,learning from mistakes,How Learning From Mistakes Makes You More Valuable,Learning From Mistakes Makes You More Valuable
,why-assumptions-are-the-killer-of-human-connectedness,CQ018-088-1__why-assumptions-are-the-killer-of-human-connectedness.md,killer of human connectedness,Assumptions: The Killer Of Human Connectedness,Killer of Human Connectedness: Why Assumptions Harm Us
,what-happens-when-dialogue-becomes-disrespectful,CQ018-088-2__what-happens-when-dialogue-becomes-disrespectful.md,dialogue becomes disrespectful,What Happens When Dialogue Becomes Disrespectful,Dialogue Becomes Disrespectful: When to End the Conversation
,why-confiding-requires-real-trust,CQ018-089-1__why-confiding-requires-real-trust.md,confiding requires real trust,Why Confiding Requires Real Trust,Confiding Requires Real Trust: Why It Can't Be Rushed
,why-life-hangs-in-the-balance-of-our-judgments,CQ018-089-2__why-life-hangs-in-the-balance-of-our-judgments.md,balance of our judgments,Why Life Hangs in the Balance of Our Judgments,Balance of Our Judgments: How Life Hangs on Them
,why-relationships-are-the-cornerstone-of-our-life,CQ018-089-3__why-relationships-are-the-cornerstone-of-our-life.md,cornerstone of our life,Why Relationships Are the Cornerstone of Our Life,Cornerstone of Our Life: Why Relationships Matter Most
,what-is-the-real-mark-of-maturity,CQ018-090-1__what-is-the-real-mark-of-maturity.md,mark of maturity,What Is The Real Mark Of Maturity,Mark of Maturity: What It Really Looks Like
,what-it-means-to-let-dead-things-stay-dead,CQ018-090-2__what-it-means-to-let-dead-things-stay-dead.md,let dead things stay dead,What It Means To Let Dead Things Stay Dead,Let Dead Things Stay Dead: What It Means
,what-real-intolerance-for-difference-looks-like,CQ018-092-1__what-real-intolerance-for-difference-looks-like.md,intolerance for difference,What Real Intolerance For Difference Looks Like,Intolerance for Difference: What It Looks Like
,why-no-single-label-can-define-who-you-are,CQ018-092-2__why-no-single-label-can-define-who-you-are.md,define who you are,Why No Single Label Can Define Who You Are,Define Who You Are Beyond Any Single Label
,what-one-shift-in-perspective-can-actually-change,CQ018-095-1__what-one-shift-in-perspective-can-actually-change.md,shift in perspective,What One Shift In Perspective Can Actually Change,Shift in Perspective: What One Change of View Can Do
,why-you-are-more-than-your-past,CQ018-095-2__why-you-are-more-than-your-past.md,more than your past,Why You Are More Than Your Past,More Than Your Past: Why It Doesn't Define You
,why-we-become-the-relationships-that-we-keep,CQ018-096-1__why-we-become-the-relationships-that-we-keep.md,relationships that we keep,Why We Become the Relationships That We Keep,Relationships That We Keep Shape Who We Become
,why-experience-gives-us-authority-in-life,CQ018-096-2__why-experience-gives-us-authority-in-life.md,authority in life,Why Experience Gives Us Authority in Life,Authority in Life: Why Experience Gives It to Us
,why-change-in-your-life-belongs-to-you-alone,CQ018-097-1__why-change-in-your-life-belongs-to-you-alone.md,change in your life,Why Change In Your Life Belongs To You Alone,Change in Your Life Belongs to You Alone
,how-your-values-shape-your-priorities,CQ018-102-1__how-your-values-shape-your-priorities.md,values shape your priorities,How Your Values Shape Your Priorities,Values Shape Your Priorities: How It Works
,why-you-are-not-what-you-do,CQ018-102-2__why-you-are-not-what-you-do.md,you are not what you do,Why You Are Not What You Do,You Are Not What You Do: Why Identity Runs Deeper
,why-hardship-produces-growth-when-nothing-else-does,CQ018-105-1__why-hardship-produces-growth-when-nothing-else-does.md,hardship produces growth,Why Hardship Produces Growth When Nothing Else Does,Hardship Produces Growth When Nothing Else Does
,why-trust-plus-time-is-the-real-intimacy-formula,CQ018-105-2__why-trust-plus-time-is-the-real-intimacy-formula.md,trust plus time,Why Trust Plus Time Is The Real Intimacy Formula,Trust Plus Time: The Real Intimacy Formula
,why-we-can-never-fully-understand-anyone-else,CQ018-107-1__why-we-can-never-fully-understand-anyone-else.md,fully understand anyone else,Why We Can Never Fully Understand Anyone Else,Fully Understand Anyone Else? Why We Never Can
,what-wisdom-says-is-worth-your-time,CQ018-107-2__what-wisdom-says-is-worth-your-time.md,worth your time,What Wisdom Says Is Worth Your Time,Worth Your Time: What Wisdom Says Deserves It
,why-anything-can-be-learned-and-mastered,CQ018-109-1__why-anything-can-be-learned-and-mastered.md,learned and mastered,Why Anything Can Be Learned And Mastered,Learned and Mastered: Why Anything Can Be
,why-vulnerability-is-not-weakness-but-strength,CQ018-110-1__why-vulnerability-is-not-weakness-but-strength.md,not weakness but strength,Why Vulnerability Is Not Weakness but Strength,Not Weakness but Strength: Why Vulnerability Matters
,why-youre-not-entitled-to-peoples-trust,CQ018-111-1__why-youre-not-entitled-to-peoples-trust.md,entitled to people's trust,Why You're Not Entitled to People's Trust,Entitled to People's Trust? Why No One Is
,the-moment-we-assume-we-break-rapport,CQ018-111-2__the-moment-we-assume-we-break-rapport.md,we break rapport,"The Moment We Assume, We Break Rapport",We Break Rapport the Moment We Assume
,why-practice-does-not-make-perfect,CQ018-124-1__why-practice-does-not-make-perfect.md,practice does not make perfect,Why Practice Does Not Make Perfect,Practice Does Not Make Perfect: What Does Instead
,the-relief-in-not-having-it-all-together,CQ018-128-1__the-relief-in-not-having-it-all-together.md,not having it all together,The Relief in Not Having It All Together,Not Having It All Together and the Relief It Brings
,why-we-never-get-around-to-doing-anything,CQ018-130-1__why-we-never-get-around-to-doing-anything.md,get around to doing anything,Why We Never Get Around To Doing Anything,Get Around to Doing Anything? Why We Never Do
